id,hidden,keywords,text
0001,,숙어,숙어
0002,,자존감,난 자존감이 너무 낮아. / 으위 / 그치만 내가 원해서 이런 게 아닌걸
0003,,망상,전부 내 망상이라는 걸 깨닫는 순간을 / 견딜 수가 없다 / 나를 믿을 수 없다는 생각이 / 아무 데나 기대게해 / 무너져 내리지 않으려고 억지로 / 부들부들 떨며 버티지만 / 차라리 그냥 누군가 빨리 나를 / 넘어트리고 짓 밝아 주기를
0004,,상처 극복 초인 침식 쓸모,인간은 극복되는 게 아니라 / 거세되는 거랬 다 / 해조 / 초인 (80 은 상처에 침식 당한 / 사람을 부르는 말이구 / 왜 우린 돈 내고 남의 상처를 / 읽을까 / 도 쓸모없는 뒤틀린나 못 가지 / 가으거드으 / 트스르르 2.
0005,,사랑 잘못 발명 현대 문명 한계 존재 스스로 이름,사랑 받는 법을 모르는데 어떻게 사랑을 / 받냐구요? 저희도 사랑하는 법을 알아 / 서 사랑한 건 아니니까요 그냥 저절로 / 되드라 / 그러므로 당신이 사랑 받지 못한 것은 / 누구의 잘못도 아니에요 이런 사람도 / 사랑할 수 있는 방법이 아직 발명되지 / 못 했기 때문입니다 현대 문명의 한계 / 고더 / 하지만 그럴 때를 위해 존재하는 것이 / 바로 스스로를 사랑하는 것 / 사랑 도미 / 이 세상 날 버려도 / <2(2/(2/( 자기 이름) 안 버려
0006,,감정 특별 경험 감탄,"오 글 거린다는 건 무슨 말일까 / 남의 소중한 감정을 / 말로펌하하지맛 / 남들 다 거쳐 간 걸 뒤늦게 경험하면서 / 뭐지 이 감정 난 아픈 것일까 / 아니, 혹시 난 특별한 것 / 동네방네 자기 기분이 어떤지 / 떠들고 다닐 때 보통 오 글 거린다고 합니다 / 내 특별한 감정 좀 / 보고 감탄해 주세 / 슨에 / 씨발 새끼들아"
0007,,안목 우왕 발아,우왕너 정말 대단하다 / 아니야 / 아냐 너 정말 대단하다구 / 아니라니깐 / 치 그럼 내 안목이 별로라 는 거니? / 막 존나 / 그래 이 씨 발아 / 안목만 빵은 사람은
0008,,당연 자신감 칭찬,헤헤. / 너무 좋아요 / 아 네 / 당연하지 좁 밥 새끼야 / 자신감을 갖게 / 칭찬의
0009,,안목,난 나를 믿어 / 남들은 내가 못 해낼 거라고 하지만... / 나도야! / 홍초 / 너는 해낼 수 있다고 하지만. / 난 내 안목을 밑에
0010,,주변,0 므르었스? 수 / 니 주변의 다른 많은 사람들처럼 / 큰 시님 / 많이 힘들었지만 다른 사람들도 다 똑같 / 이 힘든 거 같아 셔 아무 말도 못 하고 있 / 호 [그
0011,,그물,난 꿈이 없어 / 로튼구 / 돈 그물 / 근데 / 그래서 뭐 불쌍하다고 남다르다고
0012,,와이 소용,와이 앨범 짱이다 / 소용히말해씨발롬아 어쩌라고
0013,,친구,새로 사 권 친구는 나를 설레게 / 우랄 친구처럼 내 아프고 쓰리 / 오래된 친구처럼 내 아프고 쓰린 / 닭아 줄 수는 없을 것이다
0014,,가치 스스로 만족 타인 이용,"스스로가 가치 없이 느껴져서 슬프신가 / 2908 8 / 이 졸 / 혹시 자신이 가치가 있어야한다고 생각 / 새가 / 하는 건 아니겠죠 / 저희가 해 드릴 건 없어요 / 만족에 타인을 0 | 요호 / 요 ,<3.9 인을 이용하지 입 / 자기미조"
0015,,자세 기만 배우,배우려는 자세만 있다면 모두가 스승이다 / 하지만씨발롬아제자는 없으니까 / 가르치려 들지 마라 뒤지기 싫으면 / 배우기만하라고 / 기만하 / 배우 / 입닥치고씨발롬아 / 지고씨발롬아
0016,,몸부림 현재 안주 고독,여기서 벗어나려는 몸부림이 / 현재에 안주하지 / 말자 난 이 딴 곳에 / 있을 사람아 아니야 / 여기 사는 사람들의 삶 자체에 대한 모 / 욕이될스니 있을까 / 004 / 너녁 / [고독 호
0017,,,사람들이 날 보고 웃는 거 같은 느낌 / 으느가으끼 / 든 적 자주 있지? / 드즈 / 왜 그럴까? / 률호 / 니가 만만하기 때문이야 / 그럴 땐 누구도 함부로 널 비웃지 못 / 하도록 본때를 보여 줘
0018,,공유 외로움,너와 공유하고 싶은 건 외로움 / 스즐 / 멀리 떨어져 / [아주 희미한 반짝임으로 / 서로를 이따금씩 잊어버림으로써
0019,,안목 작가,상대의 안목을 키워 주는 사람들이 / 있다 / 이야 너 좋은 책 읽네 작가가 그 / 책으로 비평가 상 수상했잖아 / 그 십 년 뒤에 낸 게 이건데 그 거다 / 읽으면 이 책도 읽어 봐 이것도 상 / 받은 거거든
0020,,열등감 기력 악마 용납,난 남들에 비해 내가 너무 못난 거 같 / 다는 생각 때문에 너무 힘들어 / 열등감과 무기력함에 아무 것도 할 수 / 어자 / 품 [고 / 너는 남들이 너보다 잘난 것을도 저 이런 악마 같은 새끼 / 이 용납하지 못하겠다는 발어야?
0021,,집착 절반 실패 인간관계 후회 성공 리얼,"그동안 불필요한 인간관계에 집착했 / 던 게 후회되네 참 / 그러게 그래도 뭐 그 사람들은 집착 / 을 안 해 줬잖아 절반의 성공 절반의 / 실패야 ""6 / 실패야 7 / |1 리얼"
0022,,공감 능력 부족 걱정 무시 다행,"느부족호을 / 평소 공감 능력이 많이 부족한 것을 / 고가느속은 그 / 걱정하던 나는, / 어느 날 문득 깨달았다 나는 사실 / 모두 공감하고 있었다는 걸 / 단지 그냥 그 것들을 무시하는 / 것뿐이었다 귀찮아서 8 / 휴 다행 / 223"
0023,,감정,1 떤 감정 / 리들은 느끼는 어떤 감정 / 남들은 느끼는 / 나드으느 / 을 못 느끼는 것 / 은 전혀 이상한 게 아니에요 / 그저 어울리기 싫은 것입니다 / 1 울리기
0024,,화장실 오줌,세상은 아름답다는데 왜 내 눈엔 나쁜 / 면만 보이는 걸까 / 녀님초 / 음 글 써 화장실에선 거의 사람들 똥 싸 / 고 오줌 싸는 것만 보이는 거랑 비슷한 / 거 아닐까 싸긴해야 되잖아 / 근데 그러면 왜 하필 니 쪽이 화장실일까
0025,,우울 전시,우울의 전시 / 2 즈로 / 작고 귀여운 / 작고귀 0 / 다이소 인테리어 코너의 우울 / 훈 회
0026,,인사 겨울 달팽이 직장 기만 유지 자연 사회 혼자,두꺼운 옷 속에서 모자 뒤집어쓰고 / 겨울은 달팽이처럼 내 방을 질어지 / 고 다닐 수 있으니까 좋아요 / 서 일하면서도 / 직장에 / 기만의 / 방을 유지하는 / 인사를 안 한다. / 인사를 / 안 한다. / 사람들이 말도 안 걸기 때문에 자연 / 스레사회적내방이 만들어집니다 / 이 방 안에서 저는 오롯이 혼자만의 / 시간을 보낼 수 있는 것이죠 / 습니다 / 비배 [는 2 으마드어스다 / 이 방법으로 저는 책을 만들었 습 니 디
0027,,칭찬,항상 잘 할 필요 없어. 남한테 칭찬 / 받으려고 사는 거 아니잖아 / 근데 항상 / 잘하면 좋겠지 / 지금처럼 톡도 막 안 썸힐 거고. / 니가 친한 척할 때 기분 나쁘지도 / 알 겐 시 8 (님
0028,,연민 바닥 눈앞,난 쓸데없이 연민이 많은 편인데 / 바닥에서 담배 공 초를 하나씩 / 집어 보는은 노숙자를 보고 빨리 / 내 눈앞에서 사라졌으면 했다 / 내 연민은 그런 쪽으로 흐르지 / 않는다 / 아깝다
0029,,퍼즐 게임 결과물,"퍼즐 게임을 좋아한다 / 호녀 / 맞추고 난 결과물은 아무것도 아니지만 / 바로 그, 시간을 들여서 사실 넌 / 아무것도 아니라는 것을 밝혀내는 / 일이 좋다."
0030,,손가락 아내 노력 존재 용납,옆에 있는 사람과는 서로 가진 모든 / 손가락을 이어 붙이려 내 손가락을 / 아내든 상대 손가락을어 버리든 / 저 절하게 노력했지만 / 여전히 짝을 찾지 못한 한 손가락의 / 존재가 너무 무서울 만큼 용납이 / 내 손가락은 점점 뭉개져 갔다 / 아무와도 이어질 수가 없을 만큼
0031,,사랑 스스로 주변 애정 갈구 도스,이렇게 못난 나를 도대체 왜 사랑하 / 라고 하는 거지. / 안 그럼 주변에 존나 애정 갈구하면 / 서같이폐끼 치고 다니니까 / 잠깐... 남들에게 폐를 끼치면서 도스 / 스로를 사랑하지 않는다는 것은 자기 / 밖에 모른다는 거고 그 건 스스로를 / 사랑한다는 것이 아닌 카 / [그럼 스스로를
0032,,이해 독특 실수 표정,"그럼 니가 가진 이런 독특함이란 게 / 겨우, 단지, 오래 전 실수로 / 떨어트려서 생긴 찌그러짐에 / 불과하다는 거야? / 가끔은 전부 이해할 수 있을 것 / 같기도해 / 결국 모두 찌그러진 것들끼리 서로 / 쓰다듬어 주는 거고, / 그걸 바라보는 안 찌그러진 애들의 / 이해할 수 없다는 표정인 거"
0033,,타인 전염 기력 우울 전시,타인에게도 전염되는 무기력과 우울 / 전시를 하는 사람이 있습니다. 막으 / 당신은 방금 다자이 오사무를 죽었 습 / 즈여스 / 니다 / [소고 / 롬스
0034,,자존감 친구 소조 위로,"""잠깐! "" / 소조그 / 자존감 낮은 친구를 위로해 주는당 / 신 그 친구가 자신의 자존감이 낮은 / 바로 그 이유들로 상대방도 속으로 / 깜아 내리며 자기 자존감을 채운다는 / 까 0 +1 내리며자기자조가을채우다느 / ""자존감 낮은 사람을 죽여라"""
0035,,,집에서 밥만 축내는 게나뿐만이 아 / 니라는 사실이 / 날 밖으로 향하게했다 / 그것이 내가 걸을 때 땅만 보는 이유 16대여
0036,,사랑 자존감 독자 질문 평생 피해 의식 교정 스스로 노력 농담 파악 예상 내면,어느 독자 분께서 에스크를 통해 어떻 / 게 애인이 있고 사랑 받으면서도자 / 존감 낮은 사람들의 마음을 잘 아냐 / 느지므으채즈셔느데 7 이 / 는 질문을 해 주셨는데요 / 저도 평생 낮은 자존감과 피해 의식에 / 시달려 그 폐해와 추함을 잘 알기 때 / 문에 항상 생각을 교정하고 스스로를 / 사랑하려고 노력하기 때문이 아닐까 / 사라차려고노려차기때므 01 (니까 / 1802 / 농담이구요 / 희근코 / 로 2주 / 는은 글 / 자존감 낮은 사람이란 이렇듯 누구에 / 게나 쉽게 파악되고 뻔히 예상되는 / 얄은 내면을 가지고 있기 때문입니다
0037,,상처,니가 가진 상처는 / 악이 피워 낸 꽃 / 가유 / 예쁘지만 금방 시드는 / 결국엔 썩은 내만 풍기는 너무 / 많은 오물 덩어리
0038,,부자,아무것도 믿지 않는 사람들에게 세상은 / 아직 아름답다는 걸 알려 주고 싶었어요 / 고 7 고 2 / 너는 그 사람들한테 길 가다 우연히 주운 / 지갑 같은 건데 그 거 가지고 사람들이 / 자기가 부자라고 생각하진 않잖아 / 잠깐 좋지만 달라지는 건 없고 / 논만 빨리 빼서 갖다 버리고 싶지
0039,,,니가 무슨 짓을 해도 / 떠날 사람은 떠나게 돼 있고 / 돼 있어 / 결에 남을 사람들은 / 에 남을 사람들은 남 게다 / 므르랍게돼 있어 / 난 총 / 나대지 마 / 123 2
0040,,나이,를후 26 갓품 / 고. 고 / 나이
0041,,감정 특별,우와 네 감정은 정말 특별하구나 / (왜냐면 내 감정은 훨씬 더 특별하 거 / 면 내 / 하거
0042,,상처 진심 노기,무심코 내은 말에 상처 받지 마라 / 물론 그게 평소에 하던 말보다 더 / 진심에 가깝지만 / 2 노기 / 아무튼 상처 받지 마라
0043,,자기애 거리 최고,내 현적 자기애를 가진 사람은 남들과 / 거리를 두는데 그건 사실 그 들이친 / 해질 만큼 대단한 사람이 아니어서 / 하는 것뿐이래 / 느거쁘래 / 피하는 것뿐이 2 / 그리고 내가 바로 그 내 현적 자기애 / 를 가진 사람이야 / 허 그럼 너에겐 내가 / 하하 그래! 내가 바로 내 현적 자기애 / 내 현적 자기애 최고
0044,,바닥,나는 무채색 인간 / 러혀 지지 않는다 / 도저히 색깔이 입혀지지 않는다 / 13029 / 지금껏 내가 해 온 것은 상대의 / 색을 벗겨 내서 손에 쥐고 있다가 / 조금 뒤 바닥에 버리는 일이었다 / 즈그
0045,,고통 상처 인생 철학,음 까 0? / 고통 없이 죽 5 / 원래 축 음엔 고통이 없소 고통이 아닌 / 달콤함이 지고 / 달콤함 0 시고노에 / 독약이나 상처로 생긴 고통은 삶의 / 잔여 물인 거요 / 은 문 / 아 죄송합니다 제가 지금 당신의 그 / 같은 인생 철학에 대해 물었었나요? 뒤 / 질때아팡겠냐고안았겠냐고이씨 / 아존나빵치네이런새끼들왜케죽이 / 고싶지삶의잔여물존나남겨벌라 / 씨발
0046,,관계 사회 집착 찌질 원인 현실 건강 형성 분노 대상,랜 선 관계에 집착하는 찌질함의 원인 / 은 현실에서 건강한 관계를 형성하 / 지 못함이고 그건 사회성의 결 때 / 사회성의 겹은 제대로 양육을 받지 / 못 했기 때문이므로 언 팔을 당했을 때 / 분노해야할 대상은 바로 자신의 부 / [도적 4 / 9 팔루이 / 47 팔로 위
0047,,선택 존중 표면 예의,다들 몰래 구질구질하게 살아 있었으면 / 좋겠다 / 조거다 / 나중에 보니 죽었더라 그러면 나 만낙 / 오 자 된 기분이 들 거 같으니까 / 선택은 존중할 거야 / 표면상 예의로
0048,,미안,306 / 고마워 / 미안해 / 고마워... 늘 받기만하네 미안해 / 아냐 내가 즐거워서 / 하는 일인걸 / 그럼 그만 해 줘 좋 같으니까 / 총총 동
0049,,관계 위치 확인 친구,삶은 짧다 길래 쓸데없는 인간 관계를 / 슬금슬금 다져 냈다 / 술 금 슬 금 다 쳐 냈다 / 인연은 나의 위치를 확인시켜 주는 / 이정표 / 읽고 지나져야하는 것이라구 한다 / 구르는 돌엔 이끼가 끼지 않는다니까 / 더 이상 구르지 못할 때 친구도 / 많아지겠지
0050,,애정 조금 기회 화장실 혼자 갈구,"애정 겹인 사람들을 보면서 / 나도 조금만 삐끗했으면 / 저렇게 됐을 거란 생각을 한다 / 아직도 그럴 기회들은 많고, / 지금 이미 그러는지도 모르지 / 그치만 그럴 수가 없다. / 소변 대변 화장실 가서 몰래 보는 것처럼 / 방에서 혼자 공공 거려야하는 거 아닌가 / 애정을 갈구한다고 한 톨씩 던져 주는 / 사람은 없으니까 흑흑 흐 규"
0051,,자존감 눈치,내 자존감을 까는 사람의 옆에서 / 떠나세요 / 직접 말로 하기 전에 알아서 눈치껏 / 서로 나쁜 사람 되지 말구요 / 적절한 눈치가 아름다운 세상을 / 만듭니다
0052,,용기 무게,내가 너에게 따뜻하게 대함으로써 니가 / 살아갈 용기를 얻는다면 / 난 너의 삶의 무게만큼 짓눌리게 될 거 / 난 고작 그런 걸로 살아갈 용기를 얻지 / 두 꺼져 / 그럼 꺼져
0053,,친구 진구 부모 회피 전문가 합리 기억,어릴 때 진구가 서운하게 하면 / 리때 친구가 서운하게 하면 / 어릴 때 주 / 진정한 친구가 맞는지 테스트를 한다고 / 생각했다 부모가 시켰든지 / 난 그때부터 회피 전문가 자기 합리화의 / 달인이었고 / 어릴 때의 기억이 별로 없다
0054,,,나도 날 모르는데 니가 뭘 안다고 씨 / 그럼 너에 대해 궁금한 거 있으면 물 / 어 봐 / 튼포 / 씨발애 / 상대방은 눈에 보이는 그 이상을 알 / 고 싶지 않습니다 / 나를 알리지 않기 캠페인
0055,,타인 이해,그들 나름의 사정이 있다는 걸 안다 / 6수 그렇게 사라야만 했는지 / 어째서 그렇게 자라야만했는지 / 가으거드 / 트느르 / 난 이제 타인을 이해할 수 있고 / 더 싫어한다
0056,,친구 윤리 정신 건강 증오 탈락,윤리적으로 정신 건강한 사람은 아픈 / 사람 한 명 이상 친구 해 줘요 / 아픈 사람끼리 사귀면 결국 서로를 / 증오하고 있으니깐 알잖아요 / 트롤공감농력개빨았나? / 개빵았나? / 친구 탈락)
0057,,자살 해결 인정 유일 로또 살인 현실 도덕 의무 주변 정신,그래 자살이 해결 방안의 하나가 될 수 / 있다는 점은 나도 인정해 하지만 아마 / 유일한 해결책은 아닐 거야 같이 한번 찾 / 아보자 77 제그 / 로또 당첨 초능력... 살인... / 삼이 / 하하 그럴 듯하네쯤 더 현실적인 방안 / 은 없을까? / 나를 돌봐야할 도덕적 의무 때문에 떠 / 날 수 없는 주변 사람들 정신 피폐하게 / 만들어서 병들게하기 / 저 절하게
0058,,,아 시발 시발 씨발 씨발 씨발 / 바개조 1111[| / 씨발 뒤져! 뒤져! 뒤져! 뒤져! 뒤져 / 씨발두 / 뒤져! 뒤 / 난 잘 모르지만 너 정도면 잘하는
0059,,현실 거품 고통 신음 재미,현실을 마주하기 두려워 스스로 토해 낸 / 거품 속에 숨어 사는 연약함을 / 굳이 굳이 끄집어내 고통에 신음하도록 / 아는 자이한 짓 / 너무 재미 / 너무 재어
0060,,관계 애착 패턴 형성 만약 가난 부유 원리 이해,좋은 관계에는 어렸을 이 이 대 딘 애 칙 / 좋은 관계에는 어렸을 때의 잘못된 애착 / 작못되애차 / 패턴을 바꿀 수 있는 힘이 있대 / 잘못된 애착 패턴이 형성돼 있는데 좋은 / 관계를 만들 수가 있어? / 너 너 / 어 만약 지나가던 재벌이 심심해서 너한 / 테 돈을 많이 많이 주면 가난에서 벗어나 / 고 결과적으로 부유해질 수 있잖아 똑같 / 은 원리 같애 / 와 이해가 쑥쑥 돼
0061,,차지,무식하게 버티지 말고 힘들면 제발 / 흐글 / 도망치세요 “2 격 / 노망치세요되구잭 / 김 막고 자리만 차지하 / 길 막고 자리만 차지하지 말고요 / 하시 말고 / 당신의 짐은 당신만 지세요 / 나뉘주지마세요 죽여 벌기 전에요
0062,,주제 완전 공감,휴 도대체 왜 계속 살아야 되는지 / 모르겠어 / 어 맞어 / 나도 너 왜 굳이 살고 있는지 모르 / 겠더라 / 나만 그런 줄 완전 공감 / 주제였잖 어 자 / 주제었잖 어
0063,,거지 연민 불편 바보 아저씨 시작 신경,난 거지들을 보면 항상 마음이 불편했다. / 몸은 팅팅 부어서 노점상 할머니들 / 옆에서 웃고 있던 바보 거지 아저씨 / 하지만 연민을 가지기 시작하면 / 세상에 불쌍한 사람들은 너무나 많고 / 내가 품을 수 있는 연민은 별로 없으니 / 프으느스 / 지나가다 보는 거지들에게는 / 이제 신경 쓰지도 않는다 / 내 옆에 있는 사람이 제일 불쌍함 / 하아 / 너 말고
0064,,별거,이 새끼 또 찜찜대고 있네 시발 / 그만해! 니 눈에는 별거 아닌 거 / 같아도얘에게는 가장 아픈 / 상 저라는 거 모르니? / 알아 / 갈아 / 씨야
0065,,계단 발아 미안 주저 죄책감 머리,터키 속담에 계단을 발아야 계단 위로 올 / 라 설 수 있다는 말이 있던데 그래서 올 / 라가라고 올라가지 마라고 / 니가 발고 있는 계단에 미안함을 느끼라 / 고 아니면 주저 말고 짓 발으라고 / 그걸 딱 정해 줘야 사람들이 죄책감 없이 / 남들 머리 위로 올라가고 나도 그 분위 / 기에 묻어 가 혹시 지금껏 살면서 나도 / 모르게 밝아 왔던 것을 되돌아볼 필요가 / 없을 거 아냐 2 / 아니라면 한 번도 계단 위로 올라간 적 / 없는 것처럼 굴든가 할 거 아냐
0066,,관심 현실 소음 조금,"""다 잘 될 거야의 또 다른 변주일 뿐 / 이지 관심 없긴 마 잔가진데 현실적 / 인조 언은 무슨 소음 / 도녹름족 / 고 말해 주고 있는 거잖아 똑같이 / 관심이 소금이라도 있다면 아무 밀 / 도 못 해 주지 / 조금만 건드려도 무너질 만큼 좁 밥 / 인 걸 아니까"
0067,,지옥 질문 머릿속,지옥은 / 어떤 곳이라고 / 생각히 / 이런 질문을 하는 사람의 머릿속 / 그곳이 바로 지옥이 아닐까요? / 그렇다면 우리가 살고 있는 이 곳이 / 럴고 / 다시 스리가 살고 있는 이 / 면 우 / 곳이 / 모 2] 트 / 바로지으 / 클 하나었습니다 / 싼 지옥을 하나었습니다 / 지옥을
0068,,사랑 적성,"당신은 사랑을 받기보단 주는 / 사람이군요 8 / 사람들도 당신에게 사랑을 주고 싶지 / 않아하니 당신의 적성에 딱 맞네요 / 더 좋은 점은, 받는 건 싫어하지 / 않는다는 것입니다. 맘껏 주세요! / 야호! / 171"
0069,,방향,서로 옆에서 같은 방향을 걷는 것뿐 / 서로 옆에 든 박 향을 걷는 것뿐 / 한 명이 넘어져서 뒤쳐지면 아무 / 사이도 아니야 / 그래도 일으켜 줄 거야 / 뒤에서 닐 따라잡은 누군가가
0070,,찌질 마음가짐 노력 눈치 스트레스 눈앞 주위,"난 사람들이 날 떠나갈까 두려워 / 항상 착하고 재밌어야한다는 / 강박에 시달렸는데 / 강박에시날렸는데가노아노 / 어느 날 우연히 읽은 어느 한 / 구절이 그런 나의 찌질한 마음가짐들 / 바꿔 놓았다, / 래어차피나는 누군가에게 쌍년이니까 / 시 착하게 살려고 노력하지 마세요. / 0 아 하고 싶은 거 하면서 삽시다. 그렇게 살아도 / (이 내가 어떤 사람인지 알아 줄 사람은 다 / 8 7 약 0 즈고 좋아할 사람으 좋아해 준 디다 / 그래씨발내좋대로 살자 / 씨발 내 / 그러자 놀라운 일이 일어났대 / 사람들이 어느새 오히려 내 눈치를 / 보고 있었고 / 나를 제일 스트레스 받게하던 사람들은 / 하나 둘 내 눈앞에서 알아서 사라지더니 / 으은 / 20077 / 결국 내 주위엔 아무도 / 남아 있지 않았다"
0071,,고민 가면 생활,너 혹시 남들을 대할 때의 나와 진짜 / 내가 너무 달라서 고민이지 않아? 마 / 지 가면을 쓰고 생활하는 것처럼 / 억 ... 어 케 알았어? / 괜히 한 대 때리고 싶더라고
0072,,문자 파편 분열 허공 등장 의식 다발 구조 인식 스스로,그럼 문자가 등장하고서 사람의 의식 / 을 파편들의 다발로 재구조화한 덕 / 탈문자를 하지 않는 이상 우린 서로 / 를 그저 파편들로써 인식한다는 / 주더 / 상태로 / 그래서 인간은 서로 합쳐지는 게 아 스스로도 분열된 상태로 허공을 떠돈 / 공을 / 을 떠돈 / 허공 / 분열 / 도분 / 다는 총 / 니 라 맞물릴 뿐이고다는 / 그래서 인간은 서로 합 처지는 게 아
0073,,사랑 변명 논리,사랑을 받아들이는 건 굉장히 / 힘들지 징 잔을 들었을 때 맘속에 / 떠오르는 반박들이 있잖아 / 어 아닌데 난 사실 이런 데. / 그게 아니고 운이 좋았던 건데. / 그냥 고마워. 라고 하고 끝내 / 변명하지 않아도 돼 / 쓸데없이 그럴 때만 논리 왕 되지 / 쓸데없이 그를
0074,,발아,빛을 나누면 희미해져 / 브으나누며히미 |8 / 내 눈에만 반짝일 수 있게 / 싸일 수 있게 / 누군가 너의 빛을 보게 된다면 / 널밝아죽 / 내가 널 발아 죽여 줄게
0075,,사랑 건강 애착 구조 형성 애정 극단,니가 사랑 받지 못한 건 못나서가 아냐 / 상대가 건강한 애착 구조를 형성하지 못 / 했기 때문 아 지 6 련 / 물론 좀 잘났으면 애정을 줄 정도로는 / 애착 구조를 형성한 사람도 있긴했겠지 / 모두가 양 극단에서 놀진 않을 테니까 / 하지만! 니가 잘났어도 사랑을 주지 않 / 았을만큼 건강하지 못한 사람도 있었을 / 걱? 오그
0076,,상처 안정,다른 사람의 상처를 헤집고 들어가 / 그 속에 누워 있고 싶다 / 르아즈는으 / 나를 안정시키는 썩은 내 / 갖지 못한 호 2 비 / 내가 갖지 못한 향
0077,,인생 소재 예술 재료,"너의 인생은 나의 소재 / 더주 / 너는 나의 예술 재료 / 니는 / 톰를총 / 제숲기 / 혼 혼 / 그뿐 / ""개개주돌 군 2 / 고촌호준그 / 더들"
0078,,감정 민폐,닌 어째서 자기 감정에 솔직하지 / 넌어 / 식 하지 / 딘 어째서 / 만아 [기 감정에 솔직하 / 나는 왜 나면 너의 솔적한 / 애나면너의솔적 / 오 속 착한 / 나는 / 감정은 민폐니까 / 너의
0079,,인생,당신이 인생을 살면서 얻은 소소한 깨 달 / 으으다 / [잘 그러모아 서랍 속에 고이 넣어 두세요 / 죽을 때까지 / 즈으 / [아니 그냥 영원히 / 니그닝
0080,,친구 스스로,친구들이나 어쩌구저쩌구 / 놀려 / 친구들이 왜 그랬을까? 모를까 봐 / 알려 주려고 그런 건 아니었을까? / 스스로에게 물어 보자 / 혹시 내가 안 그런 척을 하지는
0081,,나이 의무 노력 가난 므르,나이를 먹으니까 알겠더라 세상에 날 사 / 랑해 줄 의무가 있는 사람은 아무도 없다 / 느거을 / 느거으 / 아무 노력도 하지 않고 찜 찔 대기만하던 / 지난 날의 나를 반성해 / 맞아 너 같은 애들까지도 다 거저 받았 / 으면 난 그냥 땅에 버렸을 듯 / 으며나그냥다려으드크크 / 뭐 가난을 대물림 받았으면 열심히 벌 / 므르 받았으면 그 / 아 1 며열심르 / 심히 벌
0082,,음악 시작 취향 전시 반복 청춘 절반,세상엔 읽을 책 볼 영화들을 음악들이 / 너무 많고 뭐부터 시작해야할지 모르겠 / 그럴 땐 자기 취향을 예쁘게 전시하는 / 사람을 하나 고르고 그 사람이 추천하는 / 188. / 것들을 전부 거릅니다 이걸 반복하세요 / 이것만으로 내 청춘의 절반은 지킬 수 / 있습니다렬루
0083,,쓸모 재단,드스근세 / 니들의쓸모로나를 재단하지 마라 / 싫어 / 이렇게 부탁할 테니까 제발
0084,,상처 사랑,나는 왜 작은 일에도 상처 받을까? / 니가개좁삐라서 / 알았다 사랑 받지 못 했기 때문이야
0085,,취향 판단 시각 차이,"취향을대로 사람을 판단하지 / 마세요 / 그건 아주 편협한 시각입니다 / 고작 취향이 구리다고 인간도 / 릴까요? / 구르 ""6 들리 / 선호의 차이일 뿐인 메 / 네 사실입니다 그래도 하시 마세요!"
0086,,의미 결정 최소한 주위,너의 의미는 니가 결정하는 거야 / 니똥은니가 / 다야지 / 니또으 / 으니 / 그럼 난 최소한 내 주위 / 사람들에게만큼은 소중한 / 사람이야 내가 그렇게 정한 거야 / 트려어
0087,,눈치,드나드느구흥드며층 / 사람들터는노스간보고림들면므 / 라드나드느시흐드흐 / 사람들이 남들 눈치 안 보고 힘들면 힘 / 들다고 말할 수 있었으면 좋겠어요 / 쥐소요
0088,,거울 관계 존재 표면,"사실 좋은 관계가 아니라 그냥 거울이 / 필요한 거 같아 / 전 짜 거울은, 그것은 살면서 제일 마주치 / 지 말아야할 존재지 / 지릴아야할존 / 표면이 올록볼록한 거울이 필요해 / 으울표해 / 가참좋 / 솜싸가 참 좋"
0089,,일과 주위 의미 감각 소용 도망 먼지 원래,내 꾸준한 일과는 주위에서 의미를 하나 / 씩지워가는거수 / 갈수록 최대한 많은 시간을 무감각하게 / 소용히 보내고 싶은 마음이다 / 도망 7 는 걸까 / 먼지 털어서 원래 자리에 놓는 건데
0090,,자존감 칭찬 작업 예전 인성 쓰레기,자존감 낮은 사람들에겐 함부로 칭찬을 / 하면 안 됩니다 그들은 칭찬을 들으면 / 니 작업 좋다 / 자언조 / 이게 좋 타고? 안목구리네좁밥쓰레 / 기새끼좋도문르면세씨부려는가 봐 / 예전부터 맘 예 안 들었어 저 새끼는 씨발 / 뒤져라 / 이렇게 생각을 합니다 / 자존감만 낮은 게 아니라 인성도 쓰레기 / 네요어썬지괜히미라니 자존감 낮을 / 때부터 알아 봤습니다 / 그렇습니다 자존감 낮은 사람에게 칭찬 / 을하지맘시다
0091,,축하 거부,"백남준이 64번째 생일에 생일 축하 / 송을 거부하며 한 말 / 생일이면 으레 하는 것들이 얼마나 / 관습적인 건지 명심하세요. 조금 다 / 르게하세요 ..86 3116 01[6[6)"" / 생겨 주라는 건 / 시생 일을 빼 / 지 생일을 얼마나 더 챙겨 주라는 건 / 으면 그저 말조심 또 말조심"
0092,,,남이 칼 들고 쑤시기 전에 미리 / 내가 먼저 스스로 찌른 것처럼 있자 / 어 (0) 구을느라 / 저런 이 사람은 이미 자기 / 자신에 대해 너무 잘 아는군 / 골 운 / 좋도모르지롱
0093,,상처 잘못 인지 배려 의도,"남에게 상처를 주지 마 / 너의 잘못은 뒤에서 몰래 던진 지우개 / 가루를 들켰다는 거야 / 찌른 게 뭔지, 언제 어디서 어떻게 찌른 / 건지 알지 못하고 단지 상처에서 피가 / 흐른다는 사실만을 인지하도록하는 것. / 그런 배려가 교양이고 예절이지 / 의도를 들키는 것은 부끄러운 거니까"
0094,,포기 분야 재능 존재 충격,자기 분야의 누군가가 재능이 / 없다고 구박하고 욕하지 마세요 / 언젠가 당신이 넘어질 때의 몰랑 한 / 쿠션이기 때문입니다 / 그 사람의 존재는 당신이 받을 / 충격을 흡수해 줄 것이에요 / 누군가가 밑을 깔아 준다는 것으 / 스오도제아시겠죠? 포기하지 / 소중함. 이제 아시겠죠? 포기하지 / 않고 그 자리를 지키도록
0095,,회피 애착 유형 사랑,나. 회피 애착 유형 0 / 회피 애착 유형이래 / 억 그럼 그 동안같이 군 것들이 전 / 효므 0} 조가드 / 부어릴 적 제대로 사랑 받지 못하고 힘 / 겨운 시절을 보냈기 때문이었다는 말이 / 그렇담 너의 죄를 사하노라
0096,,우위 바보 괴롭힘 균형 인정 신경 행복,괴롭힘은 힘의 불균형이기 때문에 상대 / 에게우위를 춰선 안대 / 에게우위를 줘선 안 돼 / 8 알려 줄게 상황 극을 해 보자 날가 비 / 집게 알려 줄게 상황 극을 해 보자 날 바보 / 라고 불러 봐 / 넌 바보야 맞아 난 가끔 멍청한 짓을 / 하시 인정해하지만 / 그리고 난 너 따위에 신경 쓰지 않기 때 / 문에니가뭐라고떠들든쏘바로지 / 나가 / 하지만 내 행복은 니가 뭐라고 하든 바 / 꿀 수 없어!!! 0 늘기 / 주죽 / 제가 이겼습니다.
0097,,위로,나에게서 위로를 받으실 분? / 만 원 드립니다 / 나는 만오천 원 / 로그 / 졸호 / 으싼돌이
0098,,무게 존재,삶의 무게가 너무 크고 / 자신의 존재 자체가 벅찰 때 / 그럴 때일수록 / 러 1일 수 / 기대지 마세요
0099,,무게,우리 모두 태어나면서 가지고 / 나오는 짐의 무게는 다르지만 / 도아함께별 / 거심들을 / 짜 1 6 은 5
0100,,사회 분노 타인 공감 소통 존재 감정 마찬가지 짐승 범죄자,가끔 아무나 죽이고 싶었던 적이 / 없는 삶을 진정한 삶이라고 할 수 / 그 정도의 분노도 가지지 못한 / 사람이 어떻게 타인과 공감하고 / 소통을 할 수 있다는 말인가? / 그들은 인격에 심각한 결 플 / 가지고 있는 존재. 사실상 감정이 / 없는 모 봇이나 마찬가지이다. / 지! 스회의해악 / 심 승! 인간 사회의 김! / 짐승! 인간 사회의 해악! / 잠재적 범죄자들
0101,,약점 구체 칭찬 자존감 의지 거리,가까워질수록 상대의 약점이 / 드러나 보이죠 / 구체적인 칭찬을 하며 상대의 / 자존감을 내 손으로 덮어 주세요 / 그리고 상대가 당신에게 아주 많이 / 의지하게 되었을 때 / 그 손으로 존나 쥐어 뜰어요. / 너무 가까운 거리라서 피할 수
0102,,한마디,누가 나에게 괜찮다고 한마디만 / 해 줬으면 좋겠어 / 괜찮아... / 번즈! / 으암 / 탓탓탓 / 타타트
0103,,,솔직한 나 / 낌 없는 나 / 미어느 / 모두 죽여
0104,,몸부림 혼자 고독 호흡 외로움,혼자를 너무나 즐겨 고독 속에서 아가미 / 호흡을 하는 것 같았던 저 사람도 / 사실 속에선 똑같이 외로움에 몸부림 치 / 고있었구나로웅에 몸부림 / 101 / 존나 싫
0105,,무대 관객 음악 악몽,내 꿈은 무대 위에서 죽는 것 / 죽는 것 / 마지막 순간까지 관객들 앞에서 / 음악을 하고 싶다 / 그게 뮤지션으로서의 내 사명. / 6 끼이이이 / 는으으달이이이이이 / 1 0 끼이이이 / 3 이이이이이 / 그날 밤 모두 악몽을 꾸었다
0106,,고통 우울 작가 정신 표현,"아 외롭고 우울하고... 죽고 싶다... / 너무 안타 까 와... 작 7 / 너무안타까와 작가님의 고통... / 너무 불쌍해. / 뭔가 저 분의 고통을 / 덜어 드릴 방법이 / 없을까 / 멍청아 저게 저 분의 죄업이야... / 저걸 안 하면 밥 출이 끊 킨다고 / 끊임없이 자기의 정신적 고통을 / 늘임 없이 / 표현해야 돼 / 래 야 팔린다고 / 작가님 많이 좋아지신 거 같네요 / 아 아뇨? / 하나도안잖고요전혀요전혀안더더만저느훌해 / 전혀요 전혀 안 괜찮고 우울하고 / 매일 00 싶습니다 8855 외롭습니다오해하지페세요 / 매일 / 의롭습니다오해하지비세 / 외롭습니다오해지바써요 / 하나도 안 괜찮고요 응 / 외롭습니다오해하지비베요 / 저 하나도, 안 괜찮아졌습니다 / 여러분! 않죽고싶매 / 여러분! 내 5 싶 1 / 만브악스톤"
0107,,사랑 지속 집착 주인공 실패,난 사랑을 주는 것에만 익숙해서 관 / 계를 지속하지 못 해 / 존나 안 익숙한 거 같은데 집착하는 / 거 보니까 16 / 주인공 되기에 / 익숙한 거 아냐? / 아냐 방금 그 것도 / 실패했잖아
0108,,행복 나약 적응,난 이제 행복한 사람이 좋아 / 개썸좁밥 나약한 새끼들은 도저히 참 / 고 봐 줄 수가 없거든 / 아 동감이라구 / 험난한 세상이니깐 말야 ... ... / 적응하는 자만이 살아남는다구
0109,,의도 스님 의사 표현 무시 고통 눈빛 공포,"스님, 맨손으로 선인장을 쥐고 있다면선 / 인장이 절 아프게하는 건가요, 그걸 놓 / 지 않으려하는 제 마음이 절 아프게하 / 는 걸까요. / 좋아요 ,494,464,847,949,494개 / 남들이 자꾸 건드리는 게 무서워서 겨우 / 만들어 낸 고작 그 찌 그만 가시 들이었을 / 텐데 1 에 / 그렇게 열심히 한 의사 표현을 개 무시하 / 고 끝까지 안 놓아 주면서 / 이 고통이 누구 때문인 거 같나는 눈빛 / 에 선인장은 얼마나 공포스러웠을까요 / 번한 걸 굳이 또 묻는 의도가 더론 / 묻는 의도가 더럽 습 니 / 뻔한 걸 굳이 또 묻는의"
0110,,소통 노력 나이 터득,그거 아세요? 여러분이 지금껏 / 곤 대의 잔소리로 치부했던 것들은 / 사실 여러분과 소통하려는 그 분들 / 나름의 노력이었다는 것을 227??? / 단지 방식이 조금 서투를 뿐 / 그 나이 먹도록 아직도 터득하지 / 못한 것뿐이라는 것을 2? 27? 7227??????
0111,,특징 짜증 자존감 아이,낮은 / 이런 특징이 있어요. / 특징이 / 짜증 나 / 1 스요 / 자존감이 낮은 아이는 짜증 나요 / 자존감이 낮기 때문이에요 / 조가 / 저리 가:
0112,,준비 미움 용기 부족 불행 과거 환경 능력 관계 회피 가장,"미움 받을 용기 / 자네가 불행한 것은 과거의 환경 탓이 / 아니네. 그렇다고 능력이 부족해서도 / 아니고, 자네에게는 그저 용기가 / 부족한 것뿐이야: / ""아무리 어려워 보이는 관계일지라도 / 마주하는 것을 회피하고 뒤로 미뤄서는 / 안 돼 가장해서는 안 되는 것이 이 상황, / 이대로에 멈춰 서 있는 것이라네 / 그래, 난 두렵지 않아 / 난 미움 받을 준비가 됐어! / 정 마? 2 / 정 를? 그래! / 징 그러 / 미안 준비 안 된 듯 / 안 준비 / 안 된"
0113,,,평소에 좁 밥이라고 생각했던 / 평소에 좁 밥 0리 색 각했던 / 뜻밖에 뭔가를 잘 할 때 / 드드버 (에 / 그것마저 좁 밥으로 보이는 마법
0114,,,"사람 간의 마음은 시소와 같아서 / 어쩌구저쪼구 하지만 언제든 마음만 / 먹으면 내려 버릴 수 있는 건, / 발이 땅에 낳아 있는 사람이다 / 다 12 느릴 / 땅에 / 달아 있는 사람이 / 나 그만 할 거야 / 후즈"
0115,,우울 위로 취소 구라,사람들이 날 싫어한다는 생각 때문에 / 우울한 건 왜일까 / 니가 졸 건방져 가지고 사람들이 당연히 / 널 싫어하지 말아야한다고 생각해서 / [고 홍 / 와 오히려 그렇게 생각하니까 맘이 / 편해지네 위로 받는 것 같아 고마워 / 을 총 / 그럼 방금 그 말 취소할 게 구라였어
0116,,기회 간직 세계,"살아. 살아 있으면 기회는 오고, 꿈을계 / 속 간직하고 있으면 반드시 실현할 때가 / 허! 뭐라고? / 벅떠 / 호느리 / 그 사실을 전 세계에 알려 줘 / 122 / 고모모"
0117,,혼자 진구 인생 평생 고독 의도 우울 상처 가면,진구 따위 필요 없어 씨발 인생은 / 혼자 사는 거야 평생 고독에서 / 도망칠 수 없어 1 그 / 마츠! 스어출 / 을고 / 힘들지? 다 알아 많이 / 외로웠을 거야 혼자서 꽂 꽂이 / 버티느라고 지쳐 있는 게 느껴져. / 흑흑 사실 너무 힘들었어 / 나의 이 의도적인 우울과 냉소는 / 상처를 가리기 위한 가면이었나 봐 / 알아그래서존나좁밥같 5
0118,,상처,"나는 말하지 않아도 마음 속에 상처를 / 가진 사람들을 알아볼 수 있어 / 드으 / 저 사람, 저 사람, 그리고 저 사람은 특히 / 심한 상처를 졌네 / 죽어! 죽어! 죽어!"
0119,,,나도 저 사람처럼 하고 싶어 / 람저럼하어 / 하지만그럴그럼닥져 / 그럼 닥쳐 / 느려이어느거
0120,,실망 감정 표현 판단,상대가 실망하고 귀찮아할까 무서워서 / 지레 겁먹지 말고 / 솔직하게 너의 감정을 표현해 감추지 마 / 그런 건 우리가 알아서 판단할 테니까 / 건방지게 굴지 말고 / 걸러 내기 힘들잖아
0121,,처절 의미 부여,처절한 의미 부여 / 그렇게 위태롭게 쌓아 온 삶 / 어차피 결국 다 무너질 것을 알지만 / 나도 그냥 몇 개 더 없어 주고 / 아무것도 모르는 것처럼 조심스레 / 웃어 준다 (소스
0122,,회피 애착 유형,모두 꼼짝 마난 회피 애착 유형이다 / 드고자회 1 착 유 항 / 까악
0123,,에너지 혼자 고갈 충전,난 내향인이라 사람들이랑 있으면 / 금방 에너지가 고갈돼 그래서 자주 / 혼자 시간을 보내면서 에너지를 / 충전해야 돼 / 그러다 보니 저절로 혼자 있는 / 시간이 많아지고 사람들과 있는 걸 / 피하게 되더라구 / 고마워
0124,,자존감,자존감이 높은 사람들은 / 조가노으람들은 / 사실상 자존감이 낮은 사람들에게 / 빚을 지고 있는 것이다 / 왜냐면 그냥 보고 있으면 존나 / 박 치기 때문이다 / 깝치지마라씩쉐리들아
0125,,용서 인생 나약 죄책감 극복 스스로 설명 합리,용서가 뭐냐 / 그런 건 나약한 자들이나 받는 것 / 용서를 구하기보다 / 죄책감을 극복하는 것이 더 쉽다 / 인생을 살면서 스스로에게 / 설명해야하는 일은 그 것 말고도 / 그 정도 합리화도 하지 못하면서 / 앞으로의 험난한 인생은 어떻게 / 살아가려는가
0126,,진심 바람 휴지 조각 거짓,진심은 / 신심은 / 지스 / 바람 불면 날아가는 휴지 조각이지 맨 / 거짓은 그 위에 올려 둔 돌 멤이
0127,,열등감 한동안 극복 친구 부정 감정 원래 진구,고백할 게 있어나 사실 한동안 너한테 / 열등감 심하게 느었어 그래서 솔직히 / 존나 미웠다? 너한테 그동안 틱 틱 대고 / 까칠했던 거다 그 것 때문이야 근데 이 / 젠 극복했어 친구 사이에 그런 부정적인 / 감정들이 발이 안 되기도하구 이제 / 니가 왜 나한테 열등감을 느껴? / 그런 건 원래 비슷한 / 진구 사이에 급에서 느끼는 거 / 아냐? 좀 웃기네 / 내가 잘못 알았나?
0128,,사회,아 이제 충분히 징징거린 거 같으니까 / 나도 지금부터는 들어주 2! 를 해 볼까 / 내가 받은 만큼 사회에 환원해야지 / 히히 / 음 아 저런 그렇군요 많이 힘드셨 / 군 요렇군요 많이 힘드셨
0129,,비명,"겉으론 활짝 웃고 마냥 쾌활해 보이지만, / 그만큼 속에선 비명을 질러 대며 썩어 가 / 고 있다는 것을 누군가가 알아줬으면 좋 / 그래서 년 노 잼이야"
0130,,우울 게임 표현,아 우울 / 오울하 / 먼저 우울하다고 하는 사람이 죽는 게임 / 아 뭐야 난 항상 우울해서 굳이 표현하 / 지도 않는 건 디 / 않는 건데
0131,,파악 멘탈 주제 외면 소리 위치 평생 부정 정점 수준,멘탈이 강한 사람은 자기를 잘 파악하고 / 있는 사람이래 / 자신에 대해 잘 알수록 난 더 망가질 거 / 같은데... 오히려 애써 외면하는 중인걸 / 아니 주제 파악을 하면 정신력이 강해진 / 다는 소리가 아니고 씨발아 그럼 이미 / 내가 44 알 장 분량은 뽑아 줬지 너 존나 / 하나두 못 하고 있 저든? / 하냐도못하고있저든? / 주제 파악을 해도 주눅이 안 드는 위치니 / 까 멘탈이 강한 거라고 새끼야 안 그럼 / 강 평생 아슬아슬한 자기 암시나 하다가 / 뒤지겠지 그니까넌 좋은 생각만 하고 / 겠지만넌니가 자신에 대해 부정적이 / 라고 생각하 저 만담들이 볼 땐 그 정도 / 도존나긍 정점인 수준 미라는 거 알아?
0132,,바닥 가짜 일상 농담,클크흑고 / 커크 / 크 흑 / 야 그래도 한 번 바닥을 치면 진짜 내 편 / 과가짜를 걸러 낼 수 있대. 넌 진짜인가 / 봐 좋은 점이 하나 있었네. / 206 / 그냥 일상에서는 못 걸러 내고? / 그래서 니가 바닥을 치는 건가 봐 / 농담 / 308
0133,,취향 매력 공동체 일반 걱정,진정 부끄러워해야할 것은 내가 정말 좋 / 아 하는 것이 무엇인지 모른다는 거야 그 / 저 공동체의 일반적인 취향을 좋아 사람 / 들이 자기만의 취향을 영영 잃어버릴까 / 걱정이 돼 자신에 대해 잘 알고 확고한 / 취향이 있는 사람이 그만큼 매력적이지 / 나도 그렇게 되고 싶어 / 너 나름대로 확고한 취향이 있지 않아? / 어 뭐 조금 그렇지 / 어뭐소급그흔시흐 / 매력도 없는 데? 더 같잖 아
0134,,불편 주제 고통 행복 주위,내 주제를 너무 잘 아는 게 고통이야 그 / 냥 암 것도 모르고 싶어 그래야 행복할 / 수 있을 거 같아 / 그럼 주위 사람이 불편하잖 아 / 그게 왜 불편한데 / 봐 벌써.
0135,,친구 진구 특정 다수 분노 자살,진구에게 하지 않을 거친 말은 너 스 스 / 로에게도 하지 마 / 친구한테 안 할라고 나한테 하는 건데 / 씨발아 그럼 존나 누구한테 할까 / 불특정 다수에게 분노를 쏟야 2막 씨발 / 강 다 죽여? (1 / 그리고천쿠 없는 사람은 강 뒤져도 된 / 다 는 말이냐? 친구 없으면 개 존나 자살 / 해도되냐고씨발롬아! 빈
0136,,노력 결점 나이 사회 관심,열심히 노력했더니 시간이 지날수록 내 / 결점을 가지고 괴롭히는 사람이 줄었어 / 맞아 그 사람들도 시간이 지나면서 나이 / 를 먹고 사회화가 됐을 테니까. 이제 그 / 런것에재머를 느끼지 못하나 봐 / 앞으로도 널 괴롭히지 못할 거야 너에게 / 계속 관심을 갖기엔 세상은 너무 넓으니
0137,,역할 연기 수고,나는 사실 내게 주어진 역할을 연기하고 / 있을 뿐이야 진정한 나 자신은 한 번도 / 보저 (0 | 언 / 드러내 본 적이 없어 / 화를 내고 있을 때조차 내 속은 차갑고 / 때조차내속으차 감고 / 때조채내 속은 차갑고 / 화를 내고 있응 / 고요하지 / 어 그래 그럼 계속 수고해 줘
0138,,사랑 존재 하스 노력,우리가 그들에게 더 사랑 받을 수 있는 / 존재라고 알려 줄 수 있을까요? / 하스 / 노력할 수 있단 다 / 좋아 그렇다면 내? / 좋렇다면 내가 / 원해 주지
0139,,치료 정신과 정작 상처 이기심,정신과에는 정작 진짜 치료받아야할 / 사람들은 안 오고 그 사람들에게 상처 / 받은 사람들만 찾아온다 잖아 / 그건 진짜 필요한 사람은어케 되든 자 / 기만 치료 받겠다는 인간의 이기심 때문 / 인거야?
0140,,위로 고생 건강,그 동안 나 위로해 주느라 고생했어 너보 / 면 서도 위로 정말 많이 받았어 / 나도 이제 남들처럼 앞으로 나아가려고 / 건강하고 멋진 친쿠들도 사귀고 / 은아 1
0141,,주위 열등감 친절 한탄 자존감,주위에 심한 열등감에 시달리는 사람이 / 있다 / 그를 결에 가까이 두어 친절하게 대하고 / 그의 한탄에 귀 기울여 주어라 / 그것이 당신의 자존감을 축 촉히 적셔 줄
0142,,한동안 주인공 인정 배경 혼자 방해 격리,난 한동안 내가 주인공이 아니란 사실을 / 받아들이기가 너무 힘들었어 누가 자꾸 / 날 밀어내는 것만 같고 / 근데 결국은 인정하게 되더라 그러니 / 까 오히려 마음이 편하던데. 넌 어때? / 나는 감히 그런 생각을 해 본 적이 없는 / 데 ... 난 내가 어디서나 배경 같은 거라고 / 생각했어 내가 혼자인 건 남들 방해하지 / 못 하게 격리시켜 놓은 거구. / 아 넌 그렇겠네 / 니가 부럽다야
0143,,친구 밑바닥 진구 원래 수준 성공,"이렇게 밑바닥까지 내려오며 몸서리 치 / 게는 게 있다. 내가 아무것도 아닐 때 / 묻지도 않고 있어 준 친구가 진짜라는 거 / 177 / 근데 그 친구는 내 / [근데 그 진구는 내가 싫었다 / 근데치구느내가싶었 / 내 진짜 친구가 저 거라고? 내 원래 수준 / 이여기라고? / 나는 그렇게 사람이 성공해야만하는 이 / 유를 하나 더 알게 되었다도 /~5,"
0144,,미안 중요 소모 싸움,잠깐. 지금 우리가 왜 싸우는 거지? 관 / 계에서 중요한 건 누가 몰고 누가 그른 / 가가 아니잖아 / 우린 결국 소모적인 자존심 싸움만 하고 / 그래 맞아 / 미안해. / 아냐 내가 미안해 / 으앙 / 그렇게 하여 마지막에 옮은 자는 내가 / 흑흑
0145,,혼자,저랑 친하게 지내고 싶으신 분? / 난 혼자가 좋단 말이야나 량 친해지려 / 는 그 마음이 징 그러
0146,,자살 이승 위로 짜증 반응 바보 동질감 혼자,"하 자살하고 싶다 / 럭 무슨 힘든 일 있어? / 자살은 안 돼 개 똥 받을 굴러도 / 으 이승이 좋다잖아 / 자살을 거꾸로 하면 살자래 / 어휴 촌스럽긴 그런 같잖 은 위로는 / 오히려 상대를 짜증 나게만 할 뿐이지) / 그렇게 유난 떨면서 반응을 해 대니까 / 늬들 앞에서는 그냥 닥치고 있게 되는 / 거라고 바보들아) / 이럴 때는 말 야 상대방이 동질감을 / 느끼도록, 혼자가 아니라는 느낌을 / 가질 수 있게해 줘야하는 거라고) / 가법게위트도 섞어서 이렇게) / 렇게 / 섞어서 이렇 거 / 저기요? / 같이 자살하실래 / 같이 ""5 / 솔훈 / 네? 저가 왜요 혼자 죽으세요 / 알겠냐"
0147,,신경 나이 후회 스트레스,나이가 들어 보니 그 동안 다른 사람 / 이 나를 어떻게 생각하는지 너무 신 / 경 썼던 것을 후회하게 되더랍 니다 / 신경 쓴 결과가 고작 그 모양이라서요 / 아님 신경만 쓰고 족도 아무것도 안 / 하면서 스트레스만 받아서요? / 고해
0148,,우왕 특별 자존감 응원,우왕 \187! 해 보니까나 좀 특별한 / 으이그야! 그게그대에우 / 으이그야! 그게 무슨 / 여러분의 자존감을 응원합니다
0149,,상처 건강,누군가 너에게 상처를 주는 건 그들이 / 가진 오래된 상처 때문이야. 너의 문제 / 가 아니야 / 가아니 0 / 건강한 사람이라면 너의 그런 점을 참아 / 줬을 테니까 / 쓰르 2 / 모두가 저에게 상처를 주는데도요? / 어 누구나 / 상처가 있지 / 씨발아
0150,,피해 의식 드러 수준,야 그만 해! / 고호내 / 지금 니 상태가 어떤지 알아? / 피해 의식이 너무 심해서 굳이 조심해서 / 돌려 말할 필요도 없이 다 드러네고 솔직 / 하게 말해도 되는 수준 여야 / 돌려 말하는 게 재밌는 데
0151,,격려 취향 로스,입스터를 까는 것도 구리다 / 요즘힙은힙스터를 격려하는 것 / 와우 정말 / 머지최이걱 / 츠이거 / 멋진 취향인걸 / 아냐. 아냐! 너의 힙함을 / 의흐하으 / 오염시키고 싶지 않아! / 누구야? / 20002 / 로스 온 20888
0152,,,넌 소중한 사람이야 / 너 존나 건방지다: 그래서 어쩌라고 / 니가뭐돼
0153,,부정 혼자 인생,왜 그렇게 매사에 부정적이세요? / 혼자 인생 다 산 것처럼? / 죄송합니다 / 009 지 송합니다. / 합니다...
0154,,칭찬 수업 자손 스스로 자존감 포인트 약점,손감 수업 / 자손 / 스스로에게 칭찬을 많이 해 주세요 / 그 정도 살아 보니까 이제 아시겠죠? / 남들이 당신에게 해 줄 칭 잔은 / 없다는 것을 20 / 자기 자존감은 자기가 알아서 / 챙기시되 단 몰래 하세요 / 당신의 칭찬 포인트는 너무 쉬운 / 약점이 됩니다
0155,,칭찬 한마디 장점 스스로 가치 효과 최대 상상 소리,작은 장점이라도 찾아내 매일 스스로에 / 게 칭찬 한마디를 해 봐. 칭찬 한마디가 / 하나씩 쌓여 언젠가는 네가 원하는 가치 / 있는 사람이 되어 있을 거야 / 그것도 저에겐 별로 효과가 없는 거 같 / 뭐 얼마나 대단한 사람이 되고 싶은 건데 / 그럼 그 정도 가니 최대인 건가 보지 트 / 집잡냐썸새야? / 무슨 밥 먹는 상상 한다고 배가 불러지는 / 소리 하고 있어 뒤질라고 아이 새끼
0156,,감정 소외 열등감 분노 열매,사실 내가 원래 가지고 있던 감정은 / 소외된 것에 대한 열등감과 분노뿐 / 이고 / 나머지는 남들 흉내 내느라고 그 / 위에 다닥다닥 접붙인 것들인지도 / 그래서 기형적으로 뒤틀린 감정들 / 이상한 열매
0157,,아침 하루 종일 반복,아침에 일어나면 간밤에 뭉개진 / 나를 멍하니 쳐다보다가 / 주섬주섬 하나씩 다시 쌓아 / 그리고 흘러내리는 것들을 다시 / 손으로 밀어 올리기를 하루 종일 / 반복하고 7) / 잠에 들어 다음날 깨어나면 다시 / 뭉개진 나를 멍하니져다 보다가
0158,,혼자 주위,혼자라고 느껴질 때는 / 주위를 둘러보세요 / 를 둘 / 맞 습
0159,,인생 존재,0. 삶이 너무 지칩니다 어쩌면 좋죠 / 인생을 쫓기듯 사는 기분이 들죠 / 마치 뒤에서 누가 날 잡으려고 달려 / 오는 것처럼 막 잡히면 좋 될 거 같고 / 그건 그 존재가 이제 내 바로 뒤까지 / 쫓아왔기 때문이에요 크 롤.
0160,,행복 도태 감사 건강 희망,행복하자 도태되기 싫으면 / 감사하자 그냥 아무 이유 없이 / 꾸준히 덮자 건강하게 / 희망을 잃지 말자 살아온 시간이 / 아까우면
0161,,고민 인생 시기 부정 대처,"내 인생. / 방하면어떡암스"" / 심각하고 부정적인 고민은 / 0 서만 2. 2000 / 그런 고민을 할 시기는 이미 옛날에 / 지나 갔습니다 인생이 망한 것은 / 확정이고요 / 지금은 그 결과가 언제, 어떤 식으로 / 나타날 것이냐 나는 거기에 어떻게 / 대처를 할 것이냐를 고민해야하는 / 시기입니다 / 두운 0/90"
0162,,노후 대비 부양,"노후 대비? 흙은 나를 벌써부터 부양 / 해야한다구 수, / 아직 나타나지도 않은은 내가 젊 / 은 나를 괴롭힌다구?"
0163,,,고표 / 떠나고 싶다 / 호근후 / 거기 처박혀서 울고 싶다 / 곧느그
0164,,수준,"아 존나 힘들다 나 잘하고 있는 거 맞나 / 나 너무 못 하는 거 같다 / 야 너는 거기서 버티고 있는 것만으로도 / 언처대다하거 0 [7! / 엄청 대단한 거 0 홈, / 응 그러니까 강 다른 거 해 / 겨우 버티는 수준인데 잘 하겠냐"
0165,,감정 증폭,알았다 / 아아 / 1740 / 도 아닌 감정을 징그럽게 / 증폭시키는 거 / 그거야 넌 예민한 게 아니었어 / 그냥 존나 쓸데없이 시끄러운 거야 / 알겠냐?
0166,,나이 미안,나이를 먹을수록 소중한 것들이 / 무거워져 27 / 무거위져 / 하나씩 버린다 / 미안
0167,,안정감 분노 혼자,내가 지금 느끼는 안정감이 사실은 / 굉장히 위태로운 것이라는 걸 / 알았을 때 느껴지는 분노와 자괴감 / 어차피 위태로운 거 그냥 아예 / 넘어트리고 혼자 휘청거리며 / 돌아다니고 싶은데 / 못 한다 / 글을
0168,,스스로 사랑 아침 알람 머리 출근 퇴근 폭식 기만 자기애,사실 스스로를 사랑하는 법은 아주 / 간단하답니다 먼저 아침에 알람 울리 / 면 머리에 힘주고 출근해서 열심히 / 그렇게 번 돈으로 퇴근하면 먹을 거 / 존나 사서 폭식하고 자기 / 이것이 스스로를 기만하지 않는 진정 / 한 자기애 아닐까요? / 씨빨싸끼들아?
0169,,고개,씨발 망하면 어때! / 망하면 어떤지는 고개를 쯤 만들어 보 / 면 알 수 있어 / 씨발 망하면 돼
0170,,조절 의미 머릿속,나는 고물 라디오다 / 개꾸진 안테나에 볼륨 조절은 안 돼서 / 별 의미도 없는 잡음만 존나 크게 / 머릿속을 울리는데
0171,,박수 기억,어릴 적 박수 몇 번 받은 걸로 / 이 길에 들어서서 / 아직도 그 기억으로 꿈을 잃지 않고 / 열심히 달리고 있다니 / 존나 한심
0172,,여유 긍정 분노 내면,"조급한 맘을 갖지 말고 여유를 가지 / 자 난 할 수 있다 / 요새 이런 긍정적인 생각을 하면서 부 / 터분노억제가 잘 안 된다 / 말 타면 경마 잡히고 싶다고 / 내면이란, 오냐오냐 해 주면 기어오르 / 는개좋창놈새끼라는 것을 이미 옛어 / 른들께서 경고하고 있었거늘"
0173,,처지 요란 정작 내면,현재 자신의 처지가 전부 내 탓이라는 / 생각 때문에 괴로운 사람들을 위한 / 왜 괴로울까요? 그건 사실 겉으로만 / 요란했지 정작 깊은 내면 속의 나는 / 받아들이지 않고 있기 때문입니다 / 나가서 돈 벌어 오는 건 바로 이께
0174,,후회 의존 좌절,씨발 달려온 지난 날들 / 후회는 없다 / 고버만큼 의존 좌절 있을 뿐 / 왜 나를 이렇게 낳으셨어요
0175,,터득 기능 만화,나는 구부러진 포크고 / 이 정도까진 아니겠지만 / 남들처럼 포크질을 할 수가 없다 내가 / 스스로 대충 터득한 방법을 써야함 / 구부러진 걸 펼 수도 있겠지만 그러다가 / 부러지면 그나마의 기능도 잃어 버릴 거야 / 할 수 있다고 해도 하기 싫다 / 여러 가지 이유로 싫은데 만화 끝나서 / 아쓰 / 안 씀 / 구부러진 걸로만 할 수 있는 게 있다
0176,,열등감 표출,"내가 잘하는 건, 뭔가를 싫어하기 / 2) 1 으존나 / 으 존나 / 구려 / 였다 이제 그런 게 너무 역겹다 / 그런 식의 노골적인 열등감의 표출 / 이젠 좋아하기를 해야지 / 우와 좋다 / 아주 쪼끔 / 즈짜그그"
0177,,인생 의미,문득문득 내가 쥐고 있는 모든 것이 / 부질없게 느껴질 때 / 그 순간들을 위해 인생 자체가 전부 / 의미 없는 걸까 / 고를 / 필요가 없지 / 이걸 내가 왜 해야 되지? / 개고더 / 맞아 안 해도 돼
0178,,잘못,아웃사이더가 멋진 이유 / 더 (건 / 그들의 잘못이 아니기 때문입니다 / 오직아싸 가해자들의 잘못이 있을 / 득의 잘못이 있을 / 오직 / 당신은 정말로 멋지고 소중한 사람입
0179,,안정감,결국님어지고서야 / 여기 주저앉은 곳이 내 자리 맞구나 / 하며 느끼는 게 / 진짜 안정감
0180,,극복 버터 자살 환경,대단하네 그런 상황에서 버터 내고 / 극복까지 하다니 말야 / 내가 너라면 그냥 자살했을 거야 / 헤햇 / 대단할 것까지야 / 환경은 극복하면 된다 지만 / 너는 여전히 너잖아
0181,,무시 재능 중요 웃음,나보고 재능 없다고 그냥 때려치래 / 씨발 그건 개 생각이지! / 니가 어떻게 생각하냐가 중요한 / 거잖아 무시해 무시해 / 있지. 심지어 난 말야 속으로 / 니가 여기에 발을 들인 것부터 처 / 말이 안 되는 상황이라고 생각해. / 존나 생각할수록 어이가 없어서. / 웃음이 나온다니까 [8 누 / 근데 그거 알아? 이건 씨발 존나 / 내 생각일 뿐이야
0182,,선택 낭비 출근,이 길을 선택하지 말았어야했나 봐 / 시간만 낭비한 거 같아... / 야 그렇게 생각하지 마 니가 하고 / 싶은 걸 하면서 보낸 시간이잖아 / 그냥 남들 은퇴해서 놀 거를 미리 / 랭겨 썼다고 생각해. 몽땅. 출근할 / 삶만 남기고 말야 / 안 놀았 / 느플의부어그래
0183,,친구 인생,도망쳐도 괜찮아 숨어도 괜찮아 / 술래는 없어 / 친구들도 다 집에 갔어 / 친구들 / 집에 / 니 인생
0184,,해결 자살 인생 전환,자살로 해결할 수 있는 것은 아무 것 / 도 없습니다 / 왜냐면 해결할 문제가 사라지니까 / 마치 알렉산더 대왕과 고르디 우스의 / 드줘르 / 매듭처럼 / 인생은 해결하는 것이 아니라는 / 0. 발상의 전환
0185,,열정 부족 열등감 내면 애초 소수 도망 성취,브조으역드제으 / 부족한 열정은 열등감으로 채우면 된다 / 브조호여저으여드가재으 / 내면의어눔을 믿어라 / 의어드으믿어 / 애초에 열정은 소수를 위한 것 / 여저으스르위호 / 망가 / 도망 / 적게 성취하고 많이 도망가라
0186,,바다 목적지 구경,강 전망 바다 전망하지만 / 난 고속도로 뷰가 좋다 / 각자 자기 목적지를 향해 열심히 달리는 / 수많은 차들과 / [그냥 구경만 하는나
0187,,인정 집중,4// 상 004) 가장슈운유 / 응 승 / 인정한 후 / 정한 후 이 / 받아들여라 / 왜냐면 그 곳이 앞으로 집중적으로 / 처 맞을 곳이기 때문이다
0188,,실패,실패하면 좀 어때 / 고녁님듬 / [그럼 뭐 어떻게 될 줄 알았는데 / 새끼야 / 7 디 [고
0189,,눈앞 과제 인생 스스로 기대,"눈앞에 닥친 과제를 당장 하지 않는다고, / 지금 잠시 좀다고 인생이 망하진 않 / 는대 요 [이 / 삶이 약간 기울긴하지만 기 / 스스로의 기대치도 낮아지기 때문에 / 결과적으론 썸 썸이라고 하네요"
0190,,고기 인생 냄새,고기는 그냥 사서 구워 먹기만하면 되는 / [인생 손질하느라 시 / 한 다 버리네 / 손질하느라 시찬다버 / 리네 / [먹을 건조 없고 / 머으거조드어 664 / 냄새 나
0191,,친구 위안,기 탤 곳이 없다면 휘청거릴 때 걸리 / 적 거릴 것도 없어야지 / 난 친구가 거의 없다는 게 가끔 / 위안이 된다 / 닐 지켜본 사람이 없다는 것 / 그래서 아는 척할 사람도 없다는 것
0192,,차례 인내심,"나에게서 벗어나는 건 애타게 바라지 않 / 아도 내 차례는 꼭 오는 일인데 / 너무 인내심이 없는 건지도 몰라 얼마 / 되지도 않는 시간 가자고: 5 / ""4 홈년롯 / 굳이 기다리란 말은 아냐"
0193,,발전 비교 나이 표현,"씨발 다 때려치구 싶다 / 제자리걸음만 하고 있는 기분이야 / 너의 처음과 지금을 비교해 봐 / 어때 확실하게 발전한 거 / 같지 않나? ""에 / 어 맞아 그러네 아무 / 발전도 없다고 생각했는데 / 그래 전혀. 그런 건 그냥 나이를 / 먹었다고 표현한단 다"
0194,,자존감 고생 원인 외부 정적 건강,본인이 자존감이 낮은 이유가 뭐라 고생 / 각하세요? / 어릴 때. 자라면서 학창 시절에 / 어릴 때 / 원인을 외부에서 찾는 것을 보니 아주 / 글 정적이네요 / 조 2 승고어떠 / 자존감은 매우 건강합니다
0195,,자존감 경계 가치 이용,자존감이 낮은 사람은 상대의 / 호의에 내가 이런 걸 받을 가지가 / 있나 의심하느라고 자주 경계를 / 맞아요 그럴 가치가 있었다면 이미 / 그런 호의에 익숙해서 의심 같은 걸 / 할 이유가 없겠죠? / 와우 대단해요 자신의 낮은 자존감을 / 아주 잘 이용하고 있습니다 / 120
0196,,능력 차이 극복 노기 환경 미안,타고난 능력의 차이를 극복하는 법 / 난 능력의 자를 극하는 법 / 노기 / 환경을 탓한다. / 날 왜 이렇게 키웠어 / 미안하다 / 기고
0197,,우울증 현실 특징 평가 특별 고통 사랑 자격 개미 작동 원리 설명,우울증에 걸린 사람은 자신의 특징 / 을 평균보다 훨씬 현실적으로 평가해 / 서 자신이 특별하지 않음을 똑똑히 / 보스이디 / 콜 수 있대. / 그럼 우울증의 고통은 현실을 똑 바 / 로 보지 못하는 나머지 사람들 때문 / 에 느끼는 거네? / 어 맞아 우울증은 다른 것이 아니라 / 난 사랑 받을 / 자격이 없어... / 좋도 모르는 / 씨발 새끼) / 그들은 개미에게 컴퓨터의 작동 원리 / 를 설명하지 못하는 외계인이었던 것 / 이야
0198,,분노 정신 우울 특징 우울감 치환 파악 문학 작품 표현 감정 단순,"정신적으로 강한 사람들의 / 느드 / 67,549가지 특징 / 드그 / 1. 우울감을 분노로 치환시킬 줄 안다 / 우울과 분노는 동전의 양면. 정신적 / 으로 강한 사람은 자기 자신을 매우 / 잘 파악하고 있어, 자신의 우울이 각 / 조므하자프드에서프혀디느 그러 / 종 문학 작품들에서 표현되는 그런고 / 요하고 아름다운 감정이 아니라 단순 / 히 억눌려 뒤틀린 분노에 불과한 하 / 찮 은 분비물이라는 것을 알고 있 습 니 / 두근두근 두 근 두 리 / 등 근 두근두근 두근두근"
0199,,과거 미래 자살 소유 두려움 가능,"과거는 늦이고 미래는 낭떠러지라 까딱 / 이 기만하기 / 하지만 각자가 자살 키트를 소유하게 된 / 다면, 최악이래 봐야 쪽 잠을 자는 것뿐이 / 라면 / 그래서 미래에 대한 두려움 없어진다면 / 얼마나 많은 것들이 가능할지 / 과거에서 얼마나 멀리 도망갈 수 있을지 / 생각해 보세요"
0200,,,움찔거린다 / 느닷없이 맞는 일은 없도록 / 내가 여기 계속 서 있어도 되는지 / 아무에게나 물어 보고 싶다 / 아 그럴 줄 알고 / 한 발만 대고 있었어요 / 제가 알아서 갈게요 / 밀지 마세요 넘어지니까.
0201,,의미 가시 중요,삶의 의미를 가지는 것은 사는데 / 사의의를 가시는 사는 / 있어 가장 중요한 부분이죠. / 있어가장소요하브브이죠 / 혹시 이 자리에 자신이 왜 사는지 / 모르겠다는 분들이 계시다면 손 / 한 번 들어 볼까요? / 를로고
0202,,자존감 가난 능력 스스로 사랑,가난하면 결국 자기가 벌어야 되는 / 자존감도 물려받은 게 없으면 / 콜아서벌었아자 / 알아서 벌어야지 0 / 그럴 능력이 안 되면 누구처럼 / 앵벌이라도 하든가 / 전 스스로를 / 사랑하지 못 / 합니다 / 그래서 동정심으로 채운 / 자존감이라도 몇 푼 쥐든가 / 사존감이라도및푼취든가
0203,,시작 쓰레기 인생 수고,시작부터 망한 쓰레기 인생 / 그래도 지금까지 용케 끌고 왔네 / 휴 수고 많았어 나야 / 이 새끼야! / 아오 그걸 왜 여기까지 끌고 왔어
0204,,칭찬 능력 구별 스스로 인지 만약 기만 자연 조절 행복 마찬가지,인간의 뇌는 구별 능력이 없어서 자 / 신이 스스로에게 하는 칭찬도 진짜 / 칭찬으로 인지한다고 하네요 / 만약 인간의 뇌가 아주 쪼금만 더 똑 / 똑 했어도 이런 자기 기만은 통하지 않 / 았을거라 는데 자연의 밸런스 조절 / 느려라저마기기마히 / 능력이란 정말 기가 막힙니다 / 행복해서 웃는 게 아니라 웃어서 행 / 복하다고들 하죠 / 마찬가지로 잘해서 칭찬하는 게 아니 / 라 칭찬 받으면 잘한 줄 아는 게 아닐 / 까요? 인간의 뇌는 쪼끔 그르니까요
0205,,불행,"아직, 불행하시 않습니다 / 아직, 불행하지 / 조 2/ 고 1 20"
0206,,천국 구원 의미 눈앞 하나님 선택,"원 받고 / 구원 받고 천국 간다 / 삶에는 의미가 없다 / 삶에 1 / 둘 다 어차피 눈앞을 똑바로 마주하지 / 못 한다는 건 똑같은데 / 강 천국 가는 게 낮지 않을까 게다가 / 하나님은 암 전히 있는 좁 밥 99마리보다 / 다시 찾은 한 마리의 양을 더 기뻐하신 / 으즈느서태 / 잠깐, 그럼 삶을 똑바로 마주한다는 선택"
0207,,사기 바퀴벌레 도구 불안,갑 사기 기분이 같아진 이유를 까먹었다 / 방에 바퀴벌레가 나왔는데 / 잡을 도구 찾다가 놓쳐 버린 것처럼 / 난 더 불안해졌다 / 언젠간 나가겠지? / 아니. 존나 알까지 깔 거야
0208,,공과금 생활비,너무 쉬고 싶어 그럼 쉬어 가끔은 / 아무것도 안 해도 / 그럼 월세는? 월세만 벌어 / 식비는? 전기세랑 / 공과금이랑 생활비는 / 그럼 딱 그 / 정도만 벌어 / 이미 그러고 있는 걸 뭐야 그럼 이미 / 쉬고 있었잖아 / 얼마나 더 쉬려고 밥도 안 먹고 숨도 안 / 쉬고 그냥 아예 쉬게? 그러든가 그럼
0209,,사랑 자존감 스스로 가난 기억 인생,이 새 꿀 팁 / 1. 자존감이 낮으시다구요? / 스스로를 사랑하세요 / 자신을 사랑할 이유뇨 / 아주 아주 많아요 많 / 아무거나 골라 꼴라 / 2. 가난하시다구요? / 열심히 일해서 돈을 버세요 / 돈 벌기처럼 쉬운 게 / 또 있을까요? / 아무 데나 가서 일만 / 하면 돈이 싼 / 이 두 가지만 기억하시면 인생이 좁 밥 / 처럼 쉬워집니다 / 설마 이 것도 어렵다고 못 하시는 분은 / 없겠죠
0210,,포기 기대,실 자 / 포기하고 열심히 살자 / 말고 / 아무 기대 / 대하지 말고 / 열심히 흘러가자
0211,,추억,후후 지금의 이 시련도 곧 지나가고 / 결국엔 추억이 되겠지. / 언젠간 지금이 그리워질 날도 / 올거야층능 / 오지 않았다.
0212,,소리 보수,아무도 2 르수료소리는 / 아무도 들어 주지 않는 않는 소리는 / 들어주아느아느는 / 곧 줄어들고 / 는 술어 늘고 / 그냥 걸어가 / 1 걸어 / 아무도 봐 주지 않는 끗 끗함으로 / 아무도 보수 6 는. 함으로
0213,,주머니 만약 문화 자본 다행,내가 만약 어릴 때 니가 하고 싶은 걸 / 하라는 말을 들었더라면 / 내 주머니 속 초라한 문화 자본을 뒤 / 적여어디개좋만한 꿈을 주워서 살 / 고있었겠죠초개 9 / 고있었겠죠스 / 그러나 얼마나 다행인지. 내가 해야 / 될 것은 그저 학비 싼 곳에 가는 것뿐 / 이었고 그것도 장학금으로 1 학기만 / 다니고그만뒤서그나마의학비도인 / 생에서 면제를 받았어요 / 지금은 알죠 이제 내가 하고 싶은 거 / 하라는 말을 들어도 굳이 주머니 뒤 / 지지 않을 만큼 은 2 / 지지 않을 만큼 은 500
0214,,칭찬 기준 자존감 스스로 스킬 쓸모 가치 객관 인지 능력 의미 보상 차례 폭식,"자존감 향상을 위해 꼭 필요한 것 중 / 하나지만 스스로 칭찬하기란 정말 / 어려운 일입니다 / 내 기준으로는 칭찬할 거리도 없을 뿐 / 더러 그렇다고 기준을 낮추자니 덩달 / 아 내 눈에 보이는 모든 사람도 전부 / 칭찬해 줘야하기 때문입니다 / 기준을 낮추고도 오롯이 나 자신만 / 칭찬할 수 있는 사람은 이미 스스로 / 를 더 칭찬할 필요도 없는 끔찍한 나 / 르시시스트일 테니까요 / 자신을 칭찬하는 데도 스킬은 있 습 / 니다. 쓸모 없고 아무도 날 좋아하지 / 않기 때문에 난 칭찬 받을 가치가 없 / 다구요? 바로그러자기개과하메타 / 다구요? 바로 그런 자기 객관화 메타"" / 인지 능력을 칭찬해 / 하지만 이런 칭찬이 아무 의미도 없 / 는 것처럼 느껴진다면 이제 칭찬에 / 따르는 보상을 줄 차례입니다 / 바로바로 폭식 타임"
0215,,스타일 버터,내가 볼 땐 넌 니 앞에 있는 역경을 / 어떻게든 잘 헤쳐 갈 스타일이야 / 그래? 지금까지 잘 버터 온 거 같긴 / 하지만 자주 주저앉고 싶어 내가 더 / 갈 수 있을까 싶고. 근데 앞으로 / 그리고 마지막에 한 번에 터져
0216,,의미 부스러기,멀리 보자 / 멀리 보면 난 이미 죽어서 없으니까 / 어차피 의미 없으니까 / 내 앞에 떨어진 부스러기나 줍자
0217,,불안 실체,불안하 / 존나 불안하다 / 이유 없음 / 아니 있긴한데 실체화 되면 진짜 / 불안해지니까 / 그냥 없는 걸로 합시다
0218,,주변 방향 존재,난 지금껏 내가 직접 문을 열고 / 들어간 적이 없다 대충 주변에 / 열린 곳을 찾아갔을 뿐 / 언제나 제일 좁 밥 같은 길로만 가는 / 나에게 방향이라는 게 존재할까 / 사실 나한테는 굳이 문을 두드릴 / 이유도 없다 / 쉬송하다고마한쁘 / 최 송하다고만 할 뿐이다 / 너 같은
0219,,보상 근거 중독 역할 박수,지금껏 이만큼 잃었으니 다음번엔 / 다시 따서 전부 보상 받을 수 있겠지 / 그런 막연하고 근거 없는 기대감. / 때문에 죽지 못하는 거 같다 / 도박 중독처럼 / 우리 역할은 그냥 앉아 있다가 / 저흐 / 가끔 일어나 박수 쳐 주고 / 다시 앉는 것뿐인데
0220,,검사 자존감,검사 결과 자존감이 많이 낮은 것으 / 즈나으 / 로 나왔습니다 / 더뚜 / 알기 5
0221,,연민,연민에 기대 살아가기 / 진열해 놓은 불쌍함을 자꾸 / 여해놀으부싸하으꾸 / 담아내고 광 내기 / 팅팅 / 연 미에 기대 살아가 7
0222,,스스로 자유주의,으그극극 / 스스로를 그만 괴롭혀 씨 발 롬아! / 앤 그게 전부라고! 개한테 뭘 / 겐 그게 전부 / 그게 전부라고! 개만테뭘더바라는 / 너하터뮤느 / 거야? 0000 / 더러운 자기 착취자 새끼어 신자유주의
0223,,감정 감각 보통 사회 충동 취급,이들은 예리한 감각 때문에 보통 사람에 / 비해 훨씬 많은 감정을 동반합니다 / 237 / 우리 사회에서 이런 감정적인 사람은 / 충동적이다. 미성숙한 사람이다라는 / 취급을 받기 쉽습니다 / 그리고 우리는 이걸 빅데이터라고 부르 / 생각이 많은 걸까요 칠판이 좁은 걸까요 / 그건 알 수 없습니다
0224,,조롱 사랑,만약 진정한 나로 산다면 나눈 사람도 / 못 만나고 방에만 처박혀서 결국 굽어 죽 / 어야 된다 1] 나 될지 / 어야 된다 1] 나 달아) / 진정한 나라는 것은 지하에 숨겨 놓고 / 짤 때마다 존나 패고 조롱해서 / 감히 기를 펼 수 없게해야 되는 것이다 / 진정한 나를 사랑한다면
0225,,머릿속 고통 가운데 형태 존재,머릿속에서 모든 게 뒤섞인 가운데 / 각자의 인력으로 뭉쳐 하나의 형태를지 / 니게된 생각들도 존재의 고통을 가지고 / 우리가 어찔 수 없이 새끼를 쳐 고통을 / 증식시키는 것처럼 / 그것들도 울면서 다른 머릿속에 새끼를
0226,,자존감,난 자존감이 너무 낮은 거 같아 / 조므나으을 / 아 그래? / 그럼 너는 너한테 어느 정도가 / 적당한 거 같은데?
0227,,자존감 쓰레기 강화,난 자존감 낮은 쓰레기야 / 아니 후! / 그건 자존감 높은 사람이 있다는 환 / 영을 강화시킬 뿐이야 바
0228,,관점 자살 대신 선택,내가 볼 때닌 죽고 싶은 게 아냐 / 살고 싶지 않은 거지 / 그의 말대로 관점을 바꾸니 세상이 달라 / 보였다 / 그래서 나는 자살 대신 안 살을 선택했 / 그래서 / 나는 / 난 죽는 게 아냐. 단지 살지 않을 뿐
0229,,스스로,눈을 감고 스스로를 왜 / 싫어하는지를 생각해 봐 / 언제부터 그렇게 느끼게 됐지? / 10살쯤인 / 그럼 니가 처음으로 그런 느낌을 / 갖게 된 때의 어린 너를 떠올려 / 그 어린 너에게 니가 왜 싫은지를 / 잉 못 해요 / 링 못 해요 못 하겠어? / 어 왜일까? / 어 왜 그 7/? / 넌 늘 쉽고 편한 착한 역만 맡고 / 악역은 항상 남에게 떠넘겼으니까 / 만 언제나 선량한 뻐 해자였지 / 년언제낚선량한퍼해자였지
0230,,인생 의미,고내 / 인생은 아무 의미도 없다 눈 걸 / 귀여운 것들
0231,,위로 한참 칭잔 자존감,유통기한 한참 지나 이미 문드러진 / 징잔과위로를 행 2 2 / 칭잔과위로를게이 / 계속 끌어안고 크리기 / 에 나고 / 아무도 뱃지 않는 / 배아느 / 너무 하찮아서 견고한 자존감
0232,,학생 눈치 질문 기억 대답,"어느 날 필 리 글러 신부는 교실에들 / 어서자마자 학생들 하나하나에 게다 / 음과 같이 질문했다. / 너는 죽은 후에 ""다 / 어떤 사람으로 8 노 / 기억되고 싶으나 긴으 / 자신이 죽는다는 사실을 꿈에도 생각 / 해 보지 않은 소년들은 아무도 그 질 / 문에 대답하지 못했다. / 죽어서도 남들 / 눈치를 봐야 / 되나요? "" / ""그렇다 1"" / 학생들은 죽은 뒤까지도 남들 눈치 / 볼 생각에 벌써 신이 났습니다."
0233,,평생,덜 마른 시멘트 시절 생긴 / 남들의 발자국은 / 평생 내 발을 걸어님어트릴 거예요 / 일어나지 말고 계속 넘어져 있으세요
0234,,머리 기회 요란,빗줄기 밖으로 나와 본 적이 없을 때는 / 비 좀 맞는 것 가지고 요란 떠는 / 사람들을 가소롭게 생각하다가 / 논총 / 머리가 말라 개 기회가 와 서게 / 막상 비를 피할 기회가 와서도. / 마사 / 머리가 말라 가는 걸 느 끌 땐 / 너무 무서워서 울었다
0235,,균형 혐오 합리 머리 평생 무게 중심,가끔씩 지친다. / 자기 혐오와 자기 합리화 사이에서 균형 잡기 / 계속 이런 위태로움을 견 더 야하나? / 당연하지 / 난 안 그련 사람들을 너무 혐오하는 만큼 / 그럴 수밖에 없다고 / 시간이 지나면 자전거 타기처럼 / 익숙해질 수 있을까? / 그래도 아슬아슬한 균형을 잡고 있다는 / 사실은 변함이 없겠지만... / 언젠가 갑자기 균형을 잃고 넘어져도 / 놀랄 게 없는 거야 / 이제껏 머리 위에 쌓아 왔던 게 다 무너져도 / 근데 아마 평생 익숙해질 수 없겠지 / 고노계 / 시간이 지나면 항상 전과는 다른 / 새로운 무게 중심이 생기니까 / 사실 지금 내가 균형을 잡고 있는 게 / 맞는 건지도 알 수 없다고
0236,,간이 의자,가다가 앉을 곳이 없길래 / 간이 의자를 주워서 들 코다나 / 그 그 / 가끔 앉아서 / 그치만 어쩌겠니
0237,,,지금 니가 / 뭔가 / 하고 있다고 생각하는 거야
0238,,발아 고주,곤 근 좀 / 기다 9 / 싸발아 / 씨 2 르… / 야하모습보이지마씨박야! 11! / 야하모습보이지씨발아 / 약한 모습 보이지 마 씨 발아 / 고주 / 를글
0239,,선택 순수,지금 내가 가는 길에 회의감이 들 / 때면 / 눈을 감고 내가 왜 이 길을 / 선택했었는지를 / 처음 이 길로 들어섰던 그때의 / 꿈 많고 순수했던 나를 떠올려 봐 / 리고존나패이썸새끼 / 그고너
0240,,도망 회피 외면,"까소 2707 / 잠깐 숨어도, / 도망 / 회피하고 외면해도 괜찮아... / 다으에드 / 음에두배로처 맞으면 되니까. / 되니까 / 어디 얼마나 도망칠 수 있는지"
0241,,추억 과거 혐오,난 추억이 없다 / 과거는 혐오스러울 뿐 / 느는염스움뿐 / 드가저드 / 그모는감성플 / 그모든가저드 / 트고 / 흠돔픔 / 사람들 / 품 출동 / 내가 벗어 버린 허물
0242,,행복 내부 시작,행복은 내부에서 시작된대 / 언제? 1 / 고지 국
0243,,발버둥 기미 미래 예상 우울증 정상인,"아무리 발버둥 쳐도 삶이 나아질 기미 / 가 보이지 않고 미래가 뻔히 예상될 / 우울증에 걸린 사람은 / 으즈 / 죽고 싶다 / 고 생각하지만 / 정상인은 / 그래 그것이 / 내게 주어지 ""로 본 / 삶이라면 / [멋지게 살야 / 라고 생각합니다"
0244,,열등감 부스러기 자존감 집착 시작,내가 딱히 좋아하는 게 없는 것은 / 눈이 높은 게 아니라 열등감 때문이었다. / 상대를 까 내리고 얻은 부스러기로 / 내 자존감을 채우는 삶에서 뭔가를 / 싫어하지 않는다는 건 나를 / 위태롭게 하니까. 82272 / 사소함에 집착하기 시작했다.
0245,,두려움 실패 가치 평가 대응 시도 성취 용기 영웅 존재,"일을 미루는 건 실패에 대한 두려움 / 때문이래 자신의 가치가 평가된다는 / 두려움에 대응하려는 시도라는 거야 / 그럼 게으른 게 아니고 겁쟁이인 거 / 아니, 성취를 이루는 사람들은 용기 / 를 가지고 두려움에 당당히 맞서는 / 멋진 사람들인 것어 시. / 그리고 세상은 바로 그 진정한 영웅 / 들을 위해 존재하는 것이고 말야..."
0246,,트라우마 머리 인생 경험 고민,지금 머리에 힘주면서 돈 벌러 다니는 것 / 도 트라우마 비슷하게 남게 될까 생각해 / 봤는더 82 츠에를. / 엄청나게 낙천적인 생각이었다 / 그건 그냥 내 인생이 되겠지 / 죽으면 삶의 경험이 트라우마로 남을 테 / 니까 그 때 고민해 보자
0247,,,니가 정말 원치 않는다면 / 이걸 하지 않아도 돼 / 그지만 다른 선택지가 없잖아 / 그래 / 이제 알겠니?
0248,,계단 사고 가능,스스로 사고를 하는 사람은 맨손으로 / 경사면을 오르는 사람이고 / 책 읽는 사람 운 그 열어 있는 계단으 / 책 읽는 사람은 그 옆에 있는 계단으 / 로들라 가능 사람이 / 로 올라가는 사람이다 / 하지만 계단이 끊기면 책 읽는 사람 / 은 더 이상 가지 못하고 / 스스로 사고하는 사람은 계단 옆을 / 계속 기어올랐습니다
0249,,혼자,곧 볼 텐데 가끔 영영 보지 못할 거 / 같은 기분에 쿨고 싶어진다 / 나 혼자 여기 버려진 기분 / 내가 원래 살아야 되는 곳에 / 언제 벗어났던 적도 없는 것처럼
0250,,,힘늘시만 / 고나
0251,,욕심 걱정 애초,내 당장의 욕심 때문에 잃을 수 / 이느거 0~ 래 / 668 이런머 못거림 때문에 놓칠 / 그리고 이런머 못거림 때문에 놓칠 / 스이느거 / 걱정된다 놓치고 잃어버리기까지 / 그리고 잃을 것도 놓칠 것도 애초에 / 손새하시 않았을까 봐 / 손 재하지 않았을까 봐
0252,,고통 상상 현재,삶이 지치고 힘들어 고통스러울 때 / 몇 년 뒤의 나를 상상해 봐 / 크 상상해 봐 / 및년두 / 현재를 이겨 내고 / 결국 고통에 익숙해져 꾸역꾸역 걸 / 어 가고 있을
0253,,,수채멍으로 빠져나가려는 것들 / 조각조각 / 조에 / 나간 게 뭐든 여기에 남겨진나
0254,,과거 경험 의미,나는 할 수 없다는 생각도 그렇지만 / 내가 뭘 할 수 있다는 생각도 안 하 / 고싶다내 / 과거의 경험이 아무 의미도 가지지 / 않았으면! / 안아며 / 난 아무것도 모르고 그냥
0255,,불행,브픔 4. 으 / 남의 불행을 비웃는 사람은 / 2 1 고즈 / 매길매 일이 웃을 일 뿐이겠지 / [29006 7 / |5 급수에 사는 슬픈 장구벌레처럼 / 짝짝 짝짝 짝짝 짝짝
0256,,인생 행복 불행 의미 음미,인생은 행복이냐 불행이냐로 나눌 / 수 없대 그저 그 의미를 음미할 뿐
0257,,오줌 스스로 사랑,눈 가리고 아웅 하기 / 언 발에 오줌 누기 / 아랫돌 빼서 윗돌 괴기 / 스스로를 사랑하기
0258,,추억 가짜,지나고 보면 모두 추억이 됩니다 / 그래도 그때. / 구라주마씨발아 / 마씨갈아 / 그래서 추억은 다 가짜 / 고주 / 호그
0259,,사랑 상처 외톨이 나라 아이 왕따 구라,상처투성이의 외톨이 / 이젠 나라도 저 불쌍한 아이를 / 사랑해 주기로 했다. 내가 아니면 / 누가 날 사랑해 주겠는가 / 사랑해 / 사랑해 나야 / 필요 없어 왕따 새끼야 / 니꺼르느 8 왕 / 나도사실구라였어썸새야 / 나도 사실 구 6
0260,,싸움 패배자 혼자,나 자신과의 싸움에서 이겼을 때 / 진 쪽의 나는 어디로 가는 걸까 / 나 자신에게도 버림받은 그 / 진짜 패배자 새끼는 / 어디 숨어서 혼자 몰래 질질 짜고 / 있는 걸까 훈
0261,,한계,와닌 정말 한계를 모르는 사람이야 / 흔 좀 / 에능 / 왜지
0262,,위로 맥락 의미 인생,아무 맥락도 없는 위로 / 므어느위 / 너무도 유치하고 의미 없는 그런 것에 / 위로를 받고 있다는 게 / 스퍼다 / 인생에 처 맞으면서 늘어나는 건 / 랫 집이 아니라 그런 좁 밥 같음이라는
0263,,후회 정신,죽기 전에 후회하지 않기 위해 해야 / 한 익으 2? / 한 이 으? / 르르느 / 바로 당장 뒤진다 는데도 후회할 거리 / 나 찾고 있는 썩은 정신을 도려내는 / 것입니다 / 죽으세요 / 세요 / 죽으 / 후회할 3 / [후회할 것은 살아 있다는 것뿐입니다 / 뿐 입 / 은 살 / 것은 / 것 뿐
0264,,스스로 혐오 발버둥 계발 소리,자기 자신이 돼! / 네 자신이 돼라! / 스스로가 너무 혐오스러워서 도망가려 / 고 발버둥 치는 사람들에게 왜 자꾸 그런 / 좋 같은 자기 계발 서 소리를 하는 거야? / 그럼 도망쳐 봐
0265,,잘못,"니 잘못이 아니야 / 와사말책임문티거져는 거야 / 그럼 씨발 0 1,” 7 / 므발"
0266,,경계 의지 이름 존재 행위,난 탈경계에의 의지의 표명으로써 밥도 / 믹서기로 갈아 먹어 / 퍼야노를 연주할 땐 88 건반을 한 번에 / 내 이름을 부르지 마 그건 내 존재의경 / 계를 공고히 하는 행위니까
0267,,목적 도망 인생 만화,오늘을 산다 / 목적 없이 도망만 다니는 삶 / 임기응변의 테트리스 인생 / 3 칸만 있는 4 칸 만화
0268,,어른 관성,어릴 때 어른들 말 그래도 좀 들었어야 / 됐는데 / 이제 와서 누구 말을 듣기엔 너무 늦었 / 다 관성 때문에 / 난 못 해 / 날 가르치려는 자뇨 / 발 가르치려는 자는 축 인당
0269,,계단 친구 소리 처절 혼자,어릴 때 친구한테 배를 맞은 게 너 / 무 아파서 괴상한 소리를 내면서 웃 / 었다 23 / 울면 그냥 친구한테 맞는 약한 애 처 / 럼 보일까 봐 이미 그런 애였는지도 / 모르지만 암튼 22 / 근데 그 울지 않으려는 처절한 몸 부 / 림 때문에 지나가던 교사한테 계단 / 에서 떠든다고 맞았다 / 온자울 / 그래서 결국 계단에 서서 혼자 울었 / 계단에 / 울었
0270,,기력 자아 분열 분리 인생 마찬가지 스스로 사랑 맥락 이해,"요는 자아는 항상 분열되어 있다는 것 / 입니다 우린 이걸 조금 더 분리시켜 / 주기만하면 되는 거예요 / 예를 들면, 쓸모없고 무기력한 나지 / 만 억지로 힘들게 삶을 살아가는 게 / 아니라 / 쓸모없고 무기력한 나를 잡아 끌고 능 / 름한 내가 인생을 살하 주는 것이죠 / 마찬가지로 스스로를 사랑하라는 말 / 도이 맥락으로 이해를 해야합니다 / 최대한 잡아 찌세요"
0271,,부족,초라 / 절 위한 시간이 너무 부족했어요 너무요 / 흐만 / 아휴 저런 / 깃니 / 그럼집에나가지왜여깃니
0272,,인생 의미 낙담,인생의 의미란 가끔 생겼다가 / 없어지는 것 / 왜 사는지 모르겠다 낙담하지 마세요 / 생길 거예요 / 그리고 곧 사라질 거니까
0273,,,나 자신을 어떻게 하면 좋아할 수 있 / 을까? / 좁아터진 속에 욱 여 넣느라 이리저리 / 뒤틀린거대한자기애를어떻게버 / 릴 수 있을까?
0274,,,길을 잃었을 때 가장 먼저 해야할 / 이으 / 일단 멈추어 서는 것입니다 / 아니었네요 다른 길이 이미 다 / 막혀서 여기가 맞아요 / 아 헤매는 사이에 여기도 막혔어요
0275,,,내 몸을 떠나고 싶은 나는 이미 오래 / 난 남겨진 몸이다 / 나에게서 버림받은나
0276,,불안 무시 잠깐 발견 기대 음미,불안을 그냥 무시하려면 할 수는 있지만 / 무시하다가 거기 묻힌 진짜 문제를 / 그냥 남겨 둘까 두렵다 / 지금 잠깐의 불안을 견디고 더 / 파고들어 문제를 발견하면 난 좀 더 / 나은 인간이 될 수 있지 않을까 / 이런 기대를 품고 난 불안을 더 / 깊숙이 음미했고 / 그 결과 지금의 내가 될 수 있었다.
0277,,권장 스스로 사랑 자연 주변 적극,지금 이 자리에 나는 스스로를 사랑한다 / 하시는 분 계실까요? / 부끄러운 게 아니에요! 인간으로서 아주 / 자연스러운 일이고 저는 오히려 주변에 / 적극 권장하고 있습니다 / 1 권장하고 있 습 니 00 즐배밸 / 7년 개기 / 우우 / {제고노세
0278,,의미,그거 알아? 삶에는 의미가 없지만 사실 / 그럼으로써 오히려 의미를 갖게 된다는 / 삶의 의미는 내가 만들어 가는 거야! / 뭘로. 니삶으로?
0279,,당연,당연했던 것들이 / 어느 날 갑자기 / 낮 설게 느껴진다면? / 곧 다시 익숙해진다
0280,,,내 문제는 그거였다. / 잠깐 앉아 쉬어 가라고 있는 벤치에 / 너무 오래 앉아 있는 것이다. / 난 항상 그런 식이었다. / 누가 쫓아내기 전까지는 / 일어날 줄을 몰랐다
0281,,음악 여유 감상 심리 불안,어제 너무 지쳐서 야근 쉬는 시간에 / 눈감고 음악을 듣다가 울 뻔했는데 / 그때 느껴 내가 그동안 음악을 제 / 3 여유도 없었구나 / 대로 감상할 심리적 여유도 없었구 / 그럼 이제 다시 불안 속을 달려 볼까
0282,,연민 사방 전염 기력 혼자,자기 연민이 온 사방으로 / 전염됐으면 좋겠다 / 그래서 다들 자기가 불쌍해서 / 무기력하게 주저앉아 있을 때 / 그때 나 혼자 열심히 살고 싶다 / 0 09]
0283,,완벽 시기 균형 덕분 불안 그아라라라라라라라라라,이 시기가 빨리 지나갔으면 / 시나 2 며 / 빨리 / 다가올 / 가올미 / 드려다 / {가 요즘 완벽한 균 호 / 이 두 개가 요즘 완벽한 균형을이다 / 덕분에 공명하는 불안들 / 더브고하는브아득 / 그아라라라라라라라라라 / 르러러러론러르르러러 / 라라라라라랄랄랄랄라르 / 라라라라라라랄라란라르 / 르르르르르로르르로르
0284,,능력 자존감 방어,난 왜 이렇게 무능력하고 볼품없고 외돌 그건 왜냐면 나는. 는의 / 이일까사재 / 난 왜 이렇게 무능력하고 볼품 없고 외 톨 / 자존감이 낮기 때문이지! / 이것이 바로 절대 방어 자존감 윌 드
0285,,걱정,내 일에 대한 걱정 때문에 오늘도 밤잠 / 설치 시는 여러 분 / 그만 맘 편히 수 무세요. / 내일 걱정을 오늘 하는 것은 너무 / 늦었습니다. 빼 / 왜 이제 와서 그러게 미리 / 순 비해 놓으셨어야죠 씨발
0286,,고개 현재 의지 눈앞 발가락 상상,난 걸을 땐 고개를 숙여 땅만 보고 다녀 / 현재를 넘어 순간만 살겠다는 의지의 표 / 흐를넘어순마사거는의의 / 명으로 / 으도 20 / 훌훌 / 눈앞도 너무 멀어서 발가락 끝만 봐 / 므그그 / 바락 끝만 봐 / 그 이상은 상상만 해 / 그 개 년
0287,,자존감 감사 착각 회피,낮은 자존감에 감사합니다 / 자존감이 낮아서 내가 착각하는 / 거라고 회피할 수 있어서요 / 계속 내 앞을 가로막아 주세요 / 투명하게 보기가 겁이 나요
0288,,자존감 걱정,나 자존감이 너무 낮아서 걱정이야 / 니가 자존감 높아서 뭐 하게 / 717717 니카컬 / 71711 카컬 6 / 같그고 7 포즈브조브 / 아니 진짜로 뭐 하게
0289,,어른,사람은 언제 어른이 될까? / 그런 생각을 처 안 할 때.
0290,,냄새 분노 기억 집중,출처를 알 수 없는 분노 / 츠구르야어느브 / 그건 사실 밑에 파묻어 놓은 좋 같은 / 기억들이 썩어서 올라오는 냄새였지 / 배출구는 없다 시간이 지나서 더 깊이 / 파묻히길 기다리거나 냄새 안 맡게 / 나에게 집중하지 않으면 됨
0291,,치하 불안,항상 더 나은 사람이 되세요 / 사람들은 항상 더 너를 싫어하기 / 때문에 치하 / 늘 쫓기며 사세요 / 잠들 때까지 불안에 시달리세요
0292,,잘못 죄책감,니가 이런 모습인 건 절대 니 잘못이 아 / 니야 / 어차피 니가 치워야 되잖아 그런 게의 / 상관없어 죄책 김 / 설사 니 잘못이라도 상관없어 죄책감 가 / 설사니잘못이라도싱느본가누가 쓴 / 책 감가 / 지지마동을 누가 쓴 / 으르 / 조굴
0293,,수면 스스로 연민,수면 위로 떠오르지도 못하게 / 내리 눌러 죽여 버린 생각들 / 스스로에게 연민을 느끼는 순간 / 그 자리에 주저앉는 거야 / 불쌍함은 상대를 약하게하는 / 독이다 / 가나에겐 통 / 하지만 나어 / 하시 만나에겐 통하지 않지
0294,,바깥 고립,나를 / 바깥 세상으로부터 고립시키고 / 다시 나에게서 도망치기
0295,,,"진정한 나를 찾아라 / 찾아서 죽여라 / 그리고 그만 찾아라 / 은 ""3200 2"
0296,,열등감 극복 애초,잘 들어 니가 지금 하고 있는 건 / 열등감을 극복하는 것이 아니라 / 거기서 도망치는 거야. 제대로 / 마주하지도 못하고 있다고 / 그럼 어떻게 해야 크 복할 수 있죠? / 없어. 애초에 갖고 태어나질 / 말았어야 돼
0297,,의미 가슴,억 ... 혁 / 삶에는 의미가 없다 삶에는 의미가 없다 / 에는 의미 가슴 는 의미가 없다 / 삶에는 의미 7。 각 술 송 의미가 없다 / 새에는의다삶분이 의미가 없다 / 삶에는 (없다수 의미가 없다 / 삶에는 차 없 간 없다 / 삶에는 의미 각 없다 / 삶에는
0298,,먼지 특별 그간 노력 보상 불평,먼지는 아무리 쌓여도 먼지야 / 두깔게쌓이면닭여질분 / 두께 쌓이면 닭 여질 뿐 / 마무특벌함도 갖지 못한단 다 / 아무 특별함 오 갖지 못한단 다 / 왜 그간의 노력에 아무 보상 노 / 받지 옷 하는가 불평하지 마렴 / 너는 왜 민지만 쌓았니 / 너는왜먼지만상았니
0299,,버스 다발 존재 자살 의미,버스 안에서 꽃 다발을 쳐다보다가 문득 / 우리가 피운 꽃도 어떤 존재들이 키운 / 것 아닐까 하는 생각을 했어 / 그 이유 때문에 우리는 여기 심어졌고 / 그래서 우러는 이렇게 복잡하게 흔들리 / 고뒤섞이고발버통 치고 자살하고 울어 / 야 되는 게 아닐까. / 아니겠지 너희가 그 정도로 / 의미 있지는 않아
0300,,착각 화장실 바닥 눈치,삶이 위태롭게 느껴지는 이유를 알았다 / 그건 아직 남은 게 있다는 착각에서 오 / 는 뇌의 속임수였어 / 화장실 바닥에 떨어진 지 얼마 안 된 페 / 이퍼타올처럼 1 / 눈치 채기엔 아직 너무 어려서
0301,,의미 농담,나는 삶의 의미를 모르겠다 하시는 / 분 계시나요? / 르즈 / 러수어 / 그럼 죽어! / 그 므 / 탕탕탕 3호나 1 글 / 타타 / 농담입니다 그런 건 없구요 / 크크놀다인니다러거 없구요 / 아무나 죽인 거였습니다 / 000 / 1 71 7
0302,,자존감 구덩이 불안 주변 외톨이,이유 없는 불안에 시도 때도 없이 / 시달리는 나 / 자존감이 늦 / 으리나킷다 못해 구덩이가 / 자존감이 낮다 못해 구덩이가 / 패인나 / 주변에 아무도 없는 외톨이인 나... / 불쌍한 나
0303,,타인 자존감 기억 의지 조금,모두들 이 사실을 기억해. / 타인에 의지해 세워진 자존감은 / 결국 타인 애 서무 1 느 / 인에 의해서 무너지지 민 / 6 든시마 / 스스로 조금씩 쌓아 올린 자존감은 / 자고 일어나면 무너져 있다는 것을
0304,,물고기 비유,니가 힘들어하는 게 당연해 너에게 그런 / 일은 물고기 보고 땅 위에서 달리라고 / 하는 거랑 같은 거야 / 그럼 난 무슨 일을 해야 맞을까? / 그냥 비유가 그렇다는 거지. / 하던 거나 계속해
0305,,고유 중력 밑바닥 존재 인지 안쪽,사람에겐 각자 고유의 중력이 있는 거 / 같아 내가 누군지 / 여기 여전히 밑바닥이 뚜하게 존재함 / 을 끊임없이 인지하도록 / 도와주려고 안쪽으로 무너져 내리는 힘 / 그러니까 많이 먹고 힘을 아껴
0306,,의미 재미,삶에 의미가 없어서 그만둔다면 그 걸기 / 만두는 것에는 무슨 의미가 있죠? / 정말로 삶에 의미가 없다면 그냥 살던 / 대로 살면 되는 거 아닌가요? / 재미로 하는 게 아니면 의미가 없다고 / 되뇌이는 것조차 의미가 없으니까. / 오래 살아요 삶에는 의미가 없기에. / 혹시나 의미가 있다면 있으니까 살아야 / 흑흑 흑.
0307,,부정 사고 회피 기술,"부정적인 사고들을 나눌을 리기 / 부정적인 사고들을 하나 둘 흘러 넘기다 / 버저저들을 하 둘 흘러 넘기다 / 보면 / 어느새 그 것들을 회피하는 기술이 생김 / 느새들을 회하는 술 생김 / 니다 / 요글"" / 나층에처맞 / 그리고 어느 날 한 번 스 맞죠. / 왜냥면진실은언체바카슴 속에 살아 있 / 면지식으어 / 솔에살 0 있"
0308,,,으우하가저으 / 토포
0309,,,군주 171 / 존을 / 내 길을 만들었죠 / 그게기으마드
0310,,인생 운전 수순,내 인생이 너무 익숙해져서 / 이제 손 떼고 운전하는 수순에 / 이르렀다 / 이르러다
0311,,자책,니가 이렇게 자란 건 니 탓이 아니야 부 / 모맛이야자책하시마 0 / 모탓이야 자책하지 마 / 이렇게 자란 게 뭔데? / 끄악 / 그래 니가 맞아! 어차피 돌이킬 수도 없
0312,,인생,네 긴 생을 살아 / 네 인생을 살아라 / 이새으사 / 깝 치지 말고 / 깝치마 / 스스로 처리해라 / 아무 데 / 아무 데나 버리지 말고
0313,,인생 자식 능력 만약 허락,저는 이러저러한 이유로 다른 사람들 처 / 럼 삶을 살아 낼 능력이 없습니다 / 그렇다면 너에게 망한 인생을 허하노라 / 그리고 만약 자식을 낳는다면 그 자식들 / 에게도 추가로 망한 인생을 허락한다 / 망한 완생 허가증 / 망한 안 / 이 허가증을 소지한 자는 망한 인생에 / 대해 다른 사람에게 꼬투리를 잡히지 않 / 는다 왜냐면 이제 와서 그런 것들은 전 / 부부질없는 짓이기 때문
0314,,진동 설명 극단 존재 핵심 요소 본능 정신,"어떤 사람도 그 존재를 두세 개의 핵심 / 요소로 설명할 수 있을 만큼 그렇게 단 / 순하지 않아 / 하지만 그 이상의 설명은 필요하지도 / 삶은 본능과 정신 같은 두 개의 극단 사 / 이에서 흔들리는 것이 아니라, 수천의, / 무수한 쌍의 극단 사이에서 진동하는 것 / 시만 그 사이에 시 / 하지만 그 사이에서 진동하는 것은 / 어차피너니까서 진동하는 것은"
0315,,실패 성공 현상 유지,실패는 성공의 어머니야 / 그럼 저의 실패들도 성공을 / 낳을까요? / 아니 그건 그냥 니 자리에서 못 / 벗어난 거라 실패라기보단 / 현상 유지라고 해야지 / 버임
0316,,박탈감,상대적 박탈감이란 / 사람은 보여 주기 전까지는 자신이 뭘 원 / 하는지 모른다는 뜻인가 / 그리고 계속 모르는 게 낮다는 뜻이고 / 난 몰라
0317,,인생 자유 유일 궤도 존재,인생을 내 멋대로 자유롭게 산다고 그게 / 내가 가진 거의 유일하고 진정한 자유라 / 고 생각하고 그 일환으로 인생을 망치는 / 중이라고 하지만 / 그건 사실 나 아닌 누군가 궤도 밖으로 / 밀어 버려 언덕 아래로 굴러 떨어지고 있 / 는 인생을 허겁지겁 뒤쫓는 것에 지나진 / 그래서 내게 남은 자유는 사실상 존재하 / 지 않는 것이 아닐지는 5
0318,,평가 스스로 엄격 다행,닌자 신에 대한 평가에 좀 너그러워질 / 필요가 있어 / 내가 너무 스스로에 대해 엄격한가? / 뭐 엄격하진 않으니 그나마 다행이
0319,,연민 존재 진화 인류 조상 적극 도태 사랑 행복,나 같은 사람이 존재하는 건 이제 인간 / 의 진화가 너무 더디기 때문이야 / 인류는 내 조상을 연민으로 감싸지 말고 / 더 적극적으로 도태시켰어야했다 / 스은동 / 그게 진짜 연민이고 사랑인데 그럼 행복 / 할 필요도 없었을 텐데 / 이젠 너무 늦었지
0320,,재능 생활,사회생활어 새 능이 없다는 생각 0 들지 / 회 생활에 재능이 없다는 수 들지 / 그럼 다른으 것을 보 / 그럼 다른 재능 있는 것을 해 보 / 므른 1 능느으해
0321,,의문 존재 해소 친구,살아야하는 이유를 도저히 모르겠어 / 살고 싶어? 이유는 뭐 하게 / 글고 싶어? 이유는 뭐 / 맞아. 바로 그 의문이 살아야하는 이유 / 였던 거야. 그 걸로 충분했던 거야. / 이유는 여태껏 내 맘 속에 / 마소 / 존재했던 거야! / 손 재했던 거 / 그리하여 의문이 해소된 친구는 죽었다
0322,,미래 성공 상상 현재 패배자 기억 존재 바닥 자존감,미래에 멋지게 성공하고 환골탈태한나 / 를 상상해 봐 / 그리고 그 미래의 내가 현재의 나를 찾 / 아 와서 말하는 거야 / 패배자새끼난니가 너무 수치스러워 / 너의 기억이 아직도 나를 괴롭 하이 과 / 거를 너의 존재를 바닥에 짓이겨서 자 워 / 버리고 싶지만 1] 7 / 그래 자존감은 바로 이렇게 높이는 거지
0323,,의미 소모품 증상 자살 교회 자식 기억 게으름,"삶의 의미는 잘 닮는 소모품이고 유통기 / 한도 짧아서 자주 갈아줘야합니다 / 제때 갈아 주지 못 했을 때 생기는 증상으 / 로작게는 자살, 교회 다니기 / 크게는 결혼, 자식 낳아서 기르기 등이 / 있습니다 / 하지만 기억해야할 것은 이 것이 전부 / 당신의 게으름 때문이라는 것입니다 / 별개"
0324,,스스로 책임 분노,"스스로들 / 를 자꾸 / 스스로를 자꾸 때리라고 배웠다 / 전부 다 내 책임이기 때문에 / 내 분노는 항상 나를 향해야하고 아무리 욕해도 결국 떨어져 나가는 / 건 나니까 22 7 / 건 나니까 ,32"
0325,,구상 스스로 열등감 완벽,"너는 다시 태어난다면 누구로 태어나고 / 나 말고는 누구로도 태어나고 싶지 않아 / 스스로에게 열등감이 많지만 나는 내가 / 너무 좋거든 누구나 완벽할 수는 없잖아 / 뭔가가 뛰어나면 뭔가가 모자라 가마련 / 창훌륭하구상으로않으로도전션만 / ""총홈륭 3/ 구상으로 앞으로도 천 년만"
0326,,중간 불안,아무것도 안 해도 괜찮아 아니 아무것도 / 하시마 / 하지 마 / 겁먹지 마 불안해하지 마 / 진짜 아무것도 안 하는 사람은 어떻게 / 되는지 궁금하니까 / 다른 애들은 폴 보라서 중간에 관두더라 / 다른 애들은 쓸 보라서 중간 0
0327,,퇴근,힘들면 쉬어도 돼 / 층드거 / 난 퇴근 / 난퇴리 / 찰랑
0328,,허공 응시 설정 역사 거대 외로움,꿈에 세 나는 숲 속을 검 교 있을 / [로 나와 / 인기척을 느겠지만 한 번 껄 박이지도: / 않고 계속 허공만 응시하는 눈 / 꿈 설정상 그 건 인간의 역사보다 더오 / 랫 동안 이 곳에서 홀로 허공을 응시하고 / 있었다 몰래 이런 거대한 외로움을 키우 / 면 서
0329,,구석,이제 보니 도망치던 게 아니고 / 구석에 몰려서 더 깊숙이 절 빅이는 중인 / 박히는 중인 / 가보다 5 / 더 좁은 틈새로 숨으려 교 하나씩 떠서 / 하나씩 떼서 / 버리지만
0330,,칭찬 자존감 만족 표현,자존감이 낮은 사람은 칭찬을 들으면 받 / 아들이지를 못하자 / 겨우고까 칭찬은 말야 / 우리를 만족시키고 싶다면 좀 더냐은 / 표현을 찾아봐 / 그건 간지러울 뿐이니까
0331,,압박 성과,성과를 내야한다는 압박에 시달릴 필요 / 없어 니가 지금까지 이룬 것들을 봐 / 보기엔 거창해 보여도 조 없어 / 어 근데 앞으로 니가 좋도 압박을 가진 / 다고 달라질 이유가? / 1207 / 혹시 자기가 뭐라도 하는 중 반 원자이 / 혹시 자기가 뭐라도 하는 줄
0332,,성실 오랫동안 증거 부정 특별 반응 개인 진심 상처 거짓말,오랫동안 자신의 참담한 특성에 대해 자 / 의적 증거들을 견고하게 쌓아 올린 이들 / 에게는 새삼스럽지 않기 때문에 부정적 / 자극에 특별한 반응을 보이지 못한대 봐 / 여기서도 개인의 성실성이 빛을 발하네 / 니가 맨날 하는 자조적인 중얼거림들은 / 니가 아직 그 것을 진심으로 믿지 않기 / 때문이라는 거야 / 눅저 받는 것은 너의 북성 / 하면 상처 받는 것은 너의 불성실 때 / 문이고 / 게으른 거짓말쟁이 새끼 / 그마
0333,,,포노개
0334,,정신 장난,웃겨? 웃기냐? / 1? 웃기 / 웃겨 / 내 손목 굿는 거 봐야 / 상황의 심각성을 깨닫겠냐고 / 아이고씨발종나아프네 / 2 66) / 어어? 이쉐끼들이 아직도 / 정신을 못 차렸어? / 대고소오 / 씨발 내 / 봐야를매시그는 길 / 이쌀내가목굿는 / 이 계장 나 같냐? 허 20072 / 장난 같냐? 어 22??? : / 쉬의 / ! 글 저금도 웃기 / 앞으 / 뽀글뽀글 뽀글뽀글 / (앞으로 까불지 말라고)
0335,,안락사,안락사는 구려요 / 힙한자살이다 / 입한자살이뜨 / 저희는 누워서 죽임당하지 않을 겁니다 / 스스로 쟁취할 거예요! / 린 간이 / 인간이 / 짝짝 짝짝
0336,,앞가림 이만큼 칭찬,사실 내 앞가림 이만큼이라도 겨우 / 하는 거 엄청 대단한 건데 / 아무도 칭찬 안 해 준다 / 나 위태롭고 무서운대 / 그래서 나도 안 한다
0337,,자기애 타인 사랑 전락 애초 원래 기억,타인에 대한 사랑이 자기애의 한 스펙 트 / 렴으로 전락한 것이 아니라 / 애초부터 사람은 자기애밖에 몰랐으나 / 그걸 몇 가지로 쪼갤 수 있게 됐던 것이 / 아닌가 / 그리고 그 것이 원래부터 자기애에 지나 / 지 않았다는 것을 다시 기억해 낸 거고 / 이제 다시 따 붙였다. 말이따지떨 / 어 져 본 적이 없겠지만
0338,,죽음 분노,세밀하게 짜인 방충망도 날벌레들은 / 기어코 틈을 비집고 기어들어 온다 / 트으 / 게다가 어둑 속 빛만 보면 앞뒤 / 가리지 않고 달려들어 있는 힘껏 / 쪼아 버리는 그 저돌성! / 날벌레들은 그 저돌성으로 인해 / 죽음을 맞는다 / 빛이 되지 못한 날벌레들의 분노 / 징그럽다
0339,,지적 자살 친절 설명,제가 잘못 생각하는 게 있다면 / 지적해 주세요 / 진 절한 / 급눌! / 무조건 / 이가으 / 것입! / 자살) / 1 겠습니다 / 크 스스로 알아내겠습니다 / 친절한 설명은 금물! / 무조건 패세요
0340,,부족 가난 우울 행복 변명 인생 이야기,부족한 점이 많은 것이 아니라 / 폴 아실 점이 많은 것입니다 / 가난한 것이 아니라 / 벌어야할 돈이 많은 것입니다 / 우울한 게 아니라 / 행복 할 점이 많은 것입니다 / 변명이 많은 게 아니라 / 인생에 이야기가 많은 것입니다
0341,,내면 탐구 전시 취향 파악 성장 환경,내면을 / 내면을 탐구해 시 / 네가 속한 계 금을 절실하는 깔 수 있 / 18 운절실하르 / 그 으 전시! 21 = / 취향을 하나씩 파악해 / 성장 환경의 열악함을 되새길 수 쓰게 / 도호기스이
0342,,희망 용기 스스로 긍정 이날 자살,지금 이 자리에 나는 조금 죽고 싶다 / 하는 분들 손들어 보세요 / 그래서 지금 당장 뒤질 거야? 아니죠 / 그럼 어떡해. 희망을 가져야 돼요 / 여러분 중에 대단한 사람 없어요대 / 부분존나좁밥이야 스스로를 충분히 / 지금 여기 있는 여러분들 대부분은 / 다움고 병들어서 죽어요 그럼 어떡 / 하냐고 희망을 가지라구요 / 좀 희망을 가지고 2 다가 / 좀 희망을 가지고 긍정적으로 사세요 / 죽을 용기가 없으면 좁 밥 새끼들아 / 죽을 용기가 없으면 좁 064근 / 그효츠그더은기오 / 이날 공연을 관람한 500명 중 300 / 명 이상이 일주일 내로 자살했다.
0343,,특별 사랑 위로 근거 위안 제외 평화,별 이유도 근거도 없는 당신은 멋지고 / 특별하고 사랑스럽다는 위로에 질리셨 / 아무 위안도 안 되고 반발심만 일으키고 / 오히려 놀리는 거 같았죠 / 그럼 이제 여러분은 안 멋지고 안 특별 / 하고 안 사랑스럽습니다. 그리고 그럼 으 / 로써여러분을 제외한 다른 모든 분들은 / 더 멋지고 더 특별하고 더 사랑스러워졌 / 씨바아돼 / 그죠 그 거라도 있어야겠죠? 그동안 왜 / 그런 위로만 받아야했는지 이유는 굳이 / 말 안 해 줘도 되겠죠? 27) / (그리고 세상엔 다시 평화가 찾아왔다)
0344,,역할 비참 종이,우리 역할은 처음부터 비참함이었다 / 신이 흰 종이에 검정 칠해서 / 빚을 창 소했을 때 / 거처츠도브쁘 / 그 검정 칠된 부분이 우리. / 씨발아 / 씨발 0
0345,,,세상이 정한 틀에 너를 맞추려고하지 마 / 흥트르증 / /1 뉘차리는 없대 / 니차리는 없대 / 남들 뒤를 쫓 / 나드 뒤를 쫓지 마 / 넌 너무 느려
0346,,연민 동물 본능 감정 음미,연민도 결국은 동물로서의 본능일 / 뿐이라고 생각할 거고요 / 저는 감정을 음미하는 데에만 쓸 / 것입니다 / 아주 불쌍하네요 넘 불쌍해. / 닙 좋은 연민이었습니다 안녕히 가세요
0347,,행복 고통 전달 물고기,행복이란 고통을 매질로 삼아 전달되는 / 파동 같은 거 아닐까? / 간지로 와 / 우리는 그 속의 물고기 아닐까? / 그냥 들이쉬고 / 내쉬고
0348,,후회 가능 개척 의미 개인 제외 한숨 이야기,"난 너라면 충분히 가능하다고 생각해 / 아무도 밝지 않은 길을 개척하는 게 / 정말 의미 있는 거 아닐까 / 그리고 개인적으로는 그 길을 걷는 / 너의 모습을 꼭 보고 싶다 / 그래 한 번 해 보자! 해 보고 후회하는 게 / 해 보지 않고 후회하는 것보다 낮지 / 닌 잘 할 거야 / 닐 믿어 / 널 믿어! / 크크로코호호 22 / 음 서쪽도 제외해야겠다 / 릇날에후날에나는 어디선가 / 한숨을 쉬며 이야기할 것입니다. / 숲 속에 두 갈래 길이 있었다고, / 나는 사람이 적게 간 길을 택하였다고, / 그리고 그 것 때문에 모든 것이 달라졌다고."" / 가지 않은 길"
0349,,적성 검사 선생 인생,적성 검사 결과를 보니까 너는 / 선생님 저는. / 인생이 적성에 안 맞는 거 같아요 / 다음 번호 들어와라
0350,,불행 위안 비참,11 층에서 뛰어내리기 전 나는 세상에서 / 제일 불행한 사람이라고 생각했는데 / 남들도 다들 그렇게 사니까라는 / 별좋 같은 위안만으로도 죽지 않고 / 살아갈 수 있는 저들이 제일 불쌍한 / 거었다. 6 / 처량하고 한심하고 비참하고 좋 같은 / 저 시궁창 속에서 지금이나마 / 나왔다는 것 6
0351,,합리 가치 대리 시급 최소 최대 출신 포함 출근 수고 말씀,"난 일손이 많이 느린데 이게 왜 그럴까 / 생각해 보니까 / 같은 시급이면 노동력을 최소로 / 제공하는 것이 합리적인 것이기 / 때문이라는 것을 깨달았다. / 럭 열심히 일하는 / 만큼 손해잖아? / 합리적 경제인으로서 최대의 이윤을 / 추구하는 것은 당연한 것 / 너 뭐 하냐? / 제 가치를 / “높이는 중입니다 / 나의굴듬은 결과적으로 내 노동력의 / 가치를 더욱 높이는 일인 것이다. / 일 응 / 노 종력의 / 씨발 진짜 너 왜 / 이렇게 느려 터졌냐? / 제카 경제학과 / 출신 여라서요 / 당신은 애 서열 싱 일 6762"" / 인해 인원 감축이 들어가서 현 규 씨도 / 6 데크 3000 대리인니다. / 츄테크줄 0 대리입니다. / 명단에 포함되어 / 내일부터 출근 안 하셔도 되요. / 급여 일은 다음 달 25일이구요. / 그동안 수고하셨습니다. / 00 티크 000 대리입니다. / 전에 말씀했다시피 위니 아 물량 감소로"
0352,,미움 무리 착각 세뇌 고삐 사회 운동,"왜 날 싫어하지? / 난 그냥 나대로 있었을 뿐인걸 / 내 있는 그대로 있을 수 없는 걸까? / 하지만 미움 받는 건 무 서 윙 / 있는 그대로니까 싫어하지 멍청아 / 인간이 무리를 지은 순간부터 / 는니인 채로 있 늘 수 없어, / 사실니가너인 그대로라고 생각하는 / 상태도너가 아니란다 그건 존나 / 착각이지 / 닌이미존나끼고패인 상태야 / 오랜 교육과 세뇌를 통해 진짜 너는 / 지워 버렸다고 승 / 너는 너인 채로 있을 수 없어 / 고삐 한 번 풀리면 끝이 없단 다 / 모두 자기대로 살 수 있었으면 / 그 많은 사회 운동들도 안 일어났겠지 / [정말 있는 그대로이고 싶나"
0353,,실험 행복 현명 인생,"내일은 오늘이 태양이 또 뜨 / 내일은 / 길은 오늘 / 먼저 핀 꽃은 먼저지고 / 늦게 핀 꽃은 철이 지났다 / 어리석은 자는 멀리서 행복을 찾고, / 현명한 자는 그냥 안 찾는다 / 모든 인생은 실험이다 더 많이 / 실험할수록 더 많이 늦었다."
0354,,만족 행복 현재 충실 최고 욕심 부자 천국 소리 의미,얼마나 보잘것없는 지금 내가 가진 것에 / 만족하고 현재에 충실한 게 최고의 행복 / 이라는 걸 깨달았어 / 부럽다나도이렇게어정짜게말고차 / 라리너처럼 태어났으면 그냥 아예 감히 / 욕심 갖지도 못하고 만족하며 살았을 텐 / 부자가 천국이 낙타가 바늘귀가 어쩌고 / 하는 소리가 다 그런 의미였나 봐 가질 수 / 록 행복하기가 힘드네 / 고 도리도리
0355,,기회 팽배 신음 가운데 무대 청년,"학습된 무기력, 패배주의가 팽배하는 사 / 스케 / 바로 지금이 기회다 열심히 살 기회 / 모두얻드려 신음하는 가운데 그 사이로 / 힘차게 발걸음을 내 딘는 맛 / 여기가 나의 무대 / 와우 모두 저 청년을 봐"
0356,,행복,삶은 기적이라고 생각하는 사람과 그냥 / 당연한 것인 사람 중 더 행복한 사람은 / 왜냐면? / 다 여 =4 즈 / 당연한 사람이 양보해 줘서!
0357,,,씨바난 길들지 않아 / 씨바난김들지않 0 / 영원히 서툴지 / 룰루 / 로르
0358,,불행 극복 경쟁력 프로 사살 노력 애기 평생,이젠 불행도 경쟁력 / 불행도 프로 급으로 하면 돈을 벌 수 있다 / 사살. / 뚜축 / 크흡니름 / 너모아름다와 / 불행하다고? 좋았어 / 불행하 / 더 노력해 봐! / 내 불행을 애기 했더니 사람들이 / 좋아해 심지어 돈까지 줘! / 이제 날 평생 짓누를 거 같았던 이 / 불행을 극복할 수 있을 거 같아 / 정말 불행을 극복할 수 있겠니 / 저마부해으그뽀하스 이게 / 르 불행을 2 있겠니?
0359,,끈기 성취 고주,"가진 게 없지만 인내와 끈기로 성취 / 를 이뤄 낸 사람들은 / 남들도 그만큼 끈기를 가졌으면지 / 금 그 자리에 있지도 못 했을 텐데 남 / 들한테 끈기를 가지라고 하면 안 되 / 느기니기 6 / 여러분, 끈기를 가지지 마십시요. 키 / 고주 / 전우의시체흘 / 않고 서라 / 가진 게 끈기밖에 없는 저 같은 사람 / 은 그럼 이제 굽어 죽으란 말입니까!"
0360,,격려 박수 시기 인생,20대는 좁 밥 같은 격려를 들어도 / 닥치고 앉아서 박수나 쳐야하는 / 시기예요 7? / 인생에는 정답이 없거든요 / 왜냐면 다 틀려서 아무도 몰라요 / 그럼 30대
0361,,욕심 흐름 존재 유지 고통 노력 긍정 사고방식,야 욕심 부리지 말고 흘러가는 대로 살 / 자 힘들면 그냥 흐름에 몸을 맡겨 봐 / 단지 내 존재를 유지하는 데만 해도 얼 / 마나 많은 고통이 따르는지 알아? 넌 아 / 는지 모르겠지만 단지 흘러만 갈 수는 / 없어 그것도 엄청난 노력어 필요한 커야 / 씨발아 내가 언제 뒤져서 둥둥 떠다니랬  / 냐? 깝치지말고니몸건사나 잘 하자고 / 하 새끼 얼마나 긍정적으로 자라 왔길래 / 사고방식이 존나
0362,,위로 휴지,시린 맘에 휴지 한 칸 같은 / 아름다운 글귀들 / 르우글귀듣 / 세상에 소중하지 굳 / 세상 그 / 않은 사람은 2000008 베 / 그런 걸로도 위로를 받는 사람들이 / 걱위로를 받는 사람들이 / 많다는 것은 년 녹 / 단즈 / 쿄이야 / 아직 세상은 살 만한 곳이라는 뜻이 / 아닐 2 25호 / 아니까
0363,,행사,"케이크 스퀘어에서 돈 뽑으려고 / /71/을 찾아가는데 / 종합 동인 행사 / 엄청 긴 줄이 있어서 제일 뒷사람에 7 / 엉긴 술일 뒷사람에게 / 물어 봤다 / 8. 저기 이거 / 씨줄인가요? / 주, 아마도요?"
0364,,선택 대가 차례,많은 사람들이 꿈도 없이 헤매다 / 아무 곳에나 정착할 때 / 자신이 진정 걷고 싶은 길을 선택해 / 묵묵히 걸어간 당신 / 보이시나요; 2. / 이제 그 대가를 치를 차례입니다
0365,,표현 의미 상상 칭찬 공평 권리 차별 쓸모 사랑 가치,옛날에 멋지다랑 비슷한 의미의 맛지 / 다라는 표현이 있었다고 상상해 봐 그게 / 최상의 칭찬이었어 / 근데 사람들은 누군 맛 지고 누군 안 맛 / 진 것은 불공평하다고 생각한 거야 누구 / 나 맛 질 권리가 있다고 말야 / 그래서 누구나 똑같이 맛 지다는 평 등 운 / 동이 일어났고 마침내 모두가 차별 없이 / 맛져졌어맛 진 건 당연한 것이 된 거지 / 그리고 이제 쓸모가 없어진 그 표현은 / 사라졌어 지금 누구나 사랑 받을 가치가 / 있는 것처럼 래
0366,,자존감 건강 사회 자손 응원,모두가 건강한 자존감을 가진 사회. / 초자손감 1 있다 / 90년에는 1300원에 짜장면을 사 먹 / 을 수가 있었죠. 요즘엔 그냥 자존감 / 정도론 외출도 못 합니다 / 난 자존감이 높아 저린 / 초자존감은 자존감을 응원합니다.
0367,,위로 애정 수공업 사회 능력 사랑 가치 혼자,위로와 애정도 이제 가내 수공업으로는 / 사회의 수요를 충족시킬 수 없어 / 수렵 채집 능력이 퇴화해 주저앉아 입만 / 벌리고 있다가 말라 죽는 사람들을 봐 / 세상엔 사랑 받을 가치가 없는 사람들도 / 혼자 두면 영원히 오지 않을 자기 차 / 례만 기다리다가 부스러지는
0368,,희망 신음 최선 발버둥 소용,삶에 제일 비관적인 사람들은 그냥 묵묵 / 하게 열심히 사는 사람들 아닐까 / 사실 궁 시렁 대는 것조차 너무 희망적이 / 어쩌면 작은 신음도 / 지금 당장은 최선을 다해 발버둥 치는 것 / 말고는 아무것도 소용 없다고 그냥
0369,,노력 재능 성취 집중 열정 현상 한탄 만족 손끝 가능,"니체는 위인들의 모든 성취가 / 열정적 진득함 곧 부단한 노력의 / 결과임에도 불구하고 / 대부분의 사람들이 그들의 노력보다 / 선천적 재능에 집중하는 현상에 / 한탄하며 말했다. 222 / ""니들이 왜 재능에 집중을 해 / 있지도 않은 새끼들이..."" / 그들이 계속 노력할 수 있었던 것은 / 그들이 가진 재능이 꾸준히 만족할 만한 / 또 노력의 원동력이 되는 작은 성취들을 / 가져다줬기 때문이다. 비록 남들 눈에는 / 보이지 않을지라도 그들에겐 느껴지는 / 그들의 손끝에 어렴풋이 만져지는 / 어떤 가능성"
0370,,최고 최선,최고가 아닌 최선 / 은 필요 없습니다
0371,,인생,그것이 바로 인생 놀 0 / 202 / 우걱준 / 꼭해보체 / 아주 재밌습니다
0372,,경험 이승 인생,"개똥 밭에 굴러도 이승이 낮다라는 말 / 이 있다. 왜 그런 말이 생겼는지는니 / 가 살아가며 경험해 봐라 나는 경험 / 했고, 너도 그 경험을 하길 바란다. / 해고겨허을하긴바라다 / 그래서 경험한 결과가 이거잖아요 / 그게 뭐어 짜는 거지? 그것이 바로 / 인생이다 / 삶 0/ 당신을 죽이기 전 0, / 당신 0/ 만서그의목을 4/ 달야라"
0373,,환경 치열 노력 성공 특별 감탄 존경 눈빛 찬양 희망,"여러분도 아무리 열악한 환경에서라도 / 저와 같이 치열하게 노력한다면, / 료 중 / 그런다고 성공할 수 있었으면 / 제가 여기에 서 있지도 않았겠죠. / 특별할 것도 없었을 테니까 / 여러분은 그저 제가 이뤄 낸 것에 / 감탄하고 저를 존경의 눈빛으로 / 바라보며 찬양하면 됩니다. / 뭐 그래도 희망은 가지세요. / 짜짜짜짜"
0374,,자존감 보상 집착 자격 좁밥,지나치게 낮은 자존감을 보상받기 위 / 해 자신이 우월해야만한다는 집착을 / 가지는 이유 / 겸손 (해제) / 우월해야만 자존감이 높을 자격을 가 / 까수대 / 좁밥들이 가진 자존감은 자존감이 아 / 니니까
0375,,사회 역할 요구 수행 부모 폭력 행사 자식 신체 구조 애초,난 사회가 요구하는 역할을 충분히 / 수행하지 못한 죄를 지은 / 부모에게 사회의 대리자로서 폭력을 / 행사하는 것이 아닐까 / 랙사하는 것자 / 사실 자식은 신체를 입은 구조의 일 / 부로 / 역할이 애초부터 감시자가 아니었나
0376,,긍정 도전 위기 인생 소모 차력 마차 사회 기준 시민 자아 지탱,"있는 그대로의 나를 긍정하는 것은 / 매 순간이 도전이자 위기이고 인생의 / 대부분을 소모시키는 차력 쇼나 마찬 / 가지인 니다. 수 / 가지입니다 / 사회적 기준이란, 그러므로 시민들이 / 서로의 자아를 지탱해 주겠다는 합의 / 인 것입니다 7: / 그렇게 얻은 여가 시간으로 당신은 / 많은 걸 할 수 있죠 / 아주 쉽고, 빠르고, 튼튼하게"
0377,,영원 재료 박제 죽음 의사,영원한 건 필요 없 / 역워하거픽요 없다 / 유흐픽요없 / 난 죽으니까 / 재료로서의 삶과 박제로서의 죽음 / 의사 / 의삶과바로 {의즈으 / 그리고 나머지 완충 재들
0378,,상처 눈치 소리 평생 위로,"세상에 나보다 힘들고 상처 입은 / 사람들이 많다는 사실이 날 슬프게 / 한다 / 그 사람들 때문에 눈치 보여서 / 않는 소리도 맘껏 못 하니까 / 평생 위로 받을 일이 없을 것 같다 / 갈수록 비싸진다 썸 빨 / 세 14 ""4"
0379,,정체 자아 보편 욕망,"자아 정체성이 남들과 다르다는 / 것에 있는데 / 그것이 너무나 보편적인 인간의 / 욕망이라서 / 남들과 하나도 안 다르게 되어 버려 / 정체성이 사라진 사람들 / 결국 ""평범한 것이 힙하다."""
0380,,감정 외부 알고리즘 다발,너의 감정은 네가 아니야 / 너는 그저 외부에서 입력하는 대로 / 감정을 산출하는 알고리즘의 다발 / 자판기
0381,,상처,상처 많은 사람 모두 모두 모여라 / 작은상처근상처모누모두 / 큰상처모두모득
0382,,전시 이미지 현실 계급 비참 행복 분노 청년 적응 사회 전복 수긍 혁명 역할 실패 지배,깨어라! 5456에서 전시되는 이미지 / 에서 벗어나라! 비참한 현실을 직시 / 《5445 행복 전시 이미지와 자신 / 의 삶의 괴리에 분노하며 각성 / 되어가던 청년층! / 맞아 내 자리는 / 2 805 를 안 하 / 바로 여기였지 / 1자지 현실 적응 / 하마터면 사회 / 를 전복시킬 뻔 / 7 수긍 완료다 / 했군. 것 / 계급 혁명을 위한 촉매제 / 역할을 자처했던 다크나 / 이트 545 인 플루 언 서들 / 우리의 임무는 실패했다 / 지배 계급 2” / 짝짝 짝짝
0383,,성격 부자 여유 가난 논개,"부자들은 불쌍하다. 성격이 나쁘면 / 돈이 많으니까 진 절하고 / 차한피으기어느기지 / 착할 필요가 없는 거지 / 씨볼 / 라고 욕먹고 / 성격이 좋으면 / 2110 음 역시 선한 마음은 / ""고여유에서 나오는 거지 / 시발 새끼 나도 돈만 많았어 봐 / 지는 나처럼 가난했으면 사람도 / 죽이고 다 늘걸 / 논개 기"
0384,,사회 기부 세계 생물 악마 구조 개혁 개개인 양심 문화 적극 자아 발전 기회 현상 본질 시민 역할 후기 자본,"이세계료로 생물 도감 / 기부악마 / 버야 / 사회 구조 개혁을 통해 다뤄야할 문제 / 를 개개인의 양심에 떠맡기는 행정기 / 법인 기부 문화에 적극 가담함으로써 / 순간적이고 휘발성 강한 자아 충족감 / 에 사회 발전의 기회를 팔아 넘기는 세 / 현상의 본질을 돈으로 덮어 시민의 / 눈을 가리는 역할을 하는, 후기 자본 / 주의 사회의 가장 충직한 부역자들이"
0385,,불편,내 발이 젖지 않게해 주는 많은 / 사람들 {8 / 없으면 내가 불편해지니까 / 진짜 인간은 누구나 다 소중하다 / 몇 명 정도는 괜찮지만
0386,,사랑 자존감 애초 노후 대비,왜 다들 이제 와서 자기 자존감을 못 / 키워 안달일까 / 8 코크은즐 / 애초에 그냥 사랑 받고 바르게 자랐으 / 면됐을 걸에요. 식 / 게을러 가지고 어릴 때 사랑 받을 짓 / 도안하고 놀기만해서 그렇지 찌찌 / 노후 대비 자금도 안 모으고 돈 생기는 / 대로 다 쓸 듯
0387,,재능 끈기 아기 뻐꾸기 열정 성실 무릎 성공 요소 구별 능력,"그때, 아기 뻐꾸기는 생각했어요 열정과 끈기가 재능을 이긴다. 반짝 / 이는 재능도 꾸준한 성실 앞에서는 / 무릎을 꿀는다. / 재능보다 결국 그런 것들이 성공을 / 결정짓는 요소가 되는 것은 사람들 / 은 재능과 끈기를 구별할 능력이 없 / 재능 있는 놈이 살아남는 게 아니라 / 살아남는 놈이 재능 있는 것이다"
0388,,행복 건강 인간관계 성장 안정 애착 형성 로또 지속 애정 선택 낙담 가난 부자,사람을 행복하고 건강하게 만드는 건 / 부와 명예가 아니라 좋은 인간관계다 / 비록 성장 과정에서 안정 애착을 형성 / 하지 못 했더라도 인간 로또를 맞거나 / 자신이 상대에게서 지속적인 애정을 / 이끌어 낼 만한 사람이 되면 되는데 / 그런 사람이란? 삶을 관통하는 귀납 / 적 추론을 통해 일단 나 자신은 선택” / 지에서 지워졌겠지만 / 아직 낙담하기엔 이르다. 개천에서 / 용 난다고 가난하게 자랐어도 부자가 / 될 수 있기 때문 4
0389,,,그냥 남들처럼 물살에 흰 쓸린 것뿐 / 이면서 열심히 산 척하지 말기 / 근데 그런 것도 방법이긴하겠다 / 추진력이 없다면 그냥 굴러떨어지 / 여기 어디지
0390,,분노 멘탈 소유자 공평 환경 연민 낭비 슬픔,"강철 멘탈의 소유자들은 세상이 / 불공평하다는 것을 이미 알고 있지 / 때문에 환경을 탓하거나 / 자기 연민에 빠져 시간을 낭비하지 / 않는다구 그에 / 문노랄이유, 슬펴랄이유 / 분노할 이유, 슬퍼할 이유 따위는 / 이유 없는 분노와 슬픔만 남는 / 것이다"
0391,,바다 쓰레기 순수 가장 어린이 환경 파괴 체제 부역자 사회 자살,인어 공주에서 나오는 대사 중에 이런 / 멋진 것들을 만드는 세상이 어떻게 / 나 뿔 수 있냐는 말이 있다. / 슬픈 말이라고 생각했는데 나중에 보 / 니 그 멋진 것들이란 게 사실 인간들 / 이 바다에 버린 공산품 쓰레기들이 / 아니기? / 아닌가? / 디즈니는 순수함을 가장해 어린이들 / 에게 인간이 저지르는 환경 파괴까지 / 도미화하고 있던 것... / 이 더러운 체제의 부역자 디즈니 놈들 / 사회 미화를 멈추고 인간의 자살을 / 그만 막아 주세요
0392,,청년 퇴근,"내가 일하는 곳에는 다른 층에 가져가지 / 말라는 뜻으로 ""1 층에 있고 싶어요"" / 라고 써 있는 귀여운 핸드 카가 있는데 / 나도 등에다 집에 있고 싶어요"" / 라고 써 놓고 싶다 / 그럼 막 자기도 모르게 나를 집에 / 데려다 놓고 싶은 마음이 생기지 / 아니, 이 청년은 집에 있어야 되는데 / 누가여기에뇌둔거야? 당장 일당 / 주고 퇴근시켜! / 근데 나는 삼 층에서 일함 / 그는 층에 이 능 / 데삼증길함"
0393,,현실 시각 부정 긍정 개선 희망 태도 의지 상실 순응 무력 상징 컨텐츠 잠깐 도피 행복 유지,왜냐면 현실에 대한 부정적인 시각은 현실을 긍정적으로 보는 시각은 개선 / 실제로는 희망을 갈망하는 태도를 암의 의지를 상실한 현실 순응적 무력 / 시하지만함을 상징하기 때문이지 / 밤 새끼들아 뒤지든가 / 시하지만도 이 / 이 암울한 세상 속 그런 컨텐츠들로 / 잠깐만이라도 현실에서 도피해 소소 / 한 행복을 느끼는 소시 밀들은 / 우리의 적이다 / 케케 / 현실을 그대로 유지시켜 주치
0394,,문화 비극 의미 강제 부재 민족 역사 성장기 독립 주체 공유지,롤 모델의 의미가 뭘까요? / 오리지널 리 티의 강제로 개화를 / 부재로 인한 짝당한 민족 역사 / 퉁 문화?의 비극? / 의 비극? / 동 문화? 자여 / 일제의 잔재? / 남들이 다져 만들어 놓은 길로만 다닌 / 성장기로 인한 독립성과 주체성의 부 / 뭐 하나 잘 되면 우르르 몰려서 공멸 / 하는 한국인 특유 공유지의 비극 민 / 족성? 이 / 가기? / 팽 전부 틀렸어요 / 때띠브트
0395,,망치 도구 존재 기능 상실 목적 작품 창작 사용 쓸모 파괴 취급 현대 사회 지적 의도,"이건 물렁한 망치야 / 이 망치는 기능을 상실함으로써 / 무언가의 목적을 위한 도구가 아닌 / 망치 그 자체로서 존재하게 되었지 / 그렇게 이 망치는, / 작품이 된 거야"" / 글 써 여전히 망치는 너의 창작을 / 위한 도구로 사용됐잖아 / 쓸모를 잃고 불구가 되어야 비로소 / 그 자체로서 존재하게 된다라 / 봐뇌가 없는 몸이야 / 뇌를 파괴함으로써 몸은 더 이상 / 뇌의 도구가 아니라 몸 그 자체로서 / 존재하게 되었어 / 알았다! 인간이 도구로 취급을 당하는 / 현대 사회의 병폐를 지적하기 위한 / 의도구내 5"
0396,,부자 가난,가난한 자는 복이 있나니 / 그럼 부자는 복이 없나요? / 네 복이 없습니다 / 부자라서 필요 없대요
0397,,불행 행복 조화 타인 위안 외주 반대 가치 개인 컨텐츠 역할 부재 전시 사회 가스,"행복과 불행은 서로가 낳는 것이고, / 서로가 있어야 조화를 이룬다."" 도덕 / 경에는 대충 이런 비슷한 말이 있는 / 요즘 말로 하면 타인의 불행을 나의 / 위안으로 삼아라 정도가 되겠네요 / 불행의 외주화 / 반대로 말하면 아무 가치 없는 개인 / 의 불행도 컨 텍스트를 만나 컨텐츠로 / 하지만 행복의 밭 역할을 할 알맞 / 은 플랫폼이 부재해 불행 전시는 충분 / 히 이뤄지지 못 했고 사회는 병들어 / 갔습니다 / 가스다"
0398,,공감 고통 타인 트라우마 치료 비난 싸이코 패스 예비 흉악 범죄자 사회 근원,"트라우마가 치료되지 쿨 / 않으면, 타인의 고통에. 은, 52 / 공감할 수 없다. 왜냐 중 / 하면 그 끔찍한 고통에 / 계속 매몰되어 있기 놓든 827 / 그럼 타인의 고통에 공감하지 못하는 / 사람이 아니라 그들을 비난하는 사람 / 이 진짜 싸이코 패스 예비 흉악 범죄자 / 사회의 암만 악의 근원이라는 말인가 / 냐히이아마아이그워라느마이기 / 뛰는 공감 무능력자 위에 / 나는 공감 무능력자 있다 / 노어 / 후군고"
0399,,역할,불쌍한 사람은 없다 / 빼으어 / 하으마으법 / 각자 자기 역할을 맡은 것뿐이지 / 그를게성각하자그낭 / 그렇게 생각하자 그냥 / 내 자리나 잘 지켜야지
0400,,상처,아느상처느어 / 아물지 / 아물지 않는 상처는 없어 / 얼마가 걸리든 결국 / 걸마가
0401,,다행 분노 주먹,휴진짜다행이다재가씨끼라서 / 빨리 패러 가자 / 가만히만 있어도 착한 사람되는 것도 / 좋지만 내 갈 곳 없는 분노를 쏟을 곳이 / 생긴 게 너무 좋다 / 착한 사람으수 먹을 관 0) 므갑! / 착한 사람의 주먹을 받아라 압 / 왜너 나쁜 놈인지 아닌지햇 갈리게 / 해서 사람을 기다리게해 이 새끼야 / 맞아라
0402,,구덩이 발버둥,신은 우리를 구덩이 속에 처넣고 / 거기서 우리가 발버둥 치며 밸어 내는 / 조개의 진주 같은 것들을 주워 갔습니다 / 예뻐서요 / 대돔
0403,,자살 사살 난간 조성 의지 자살자 공무원 시체 수거 편리,"자살 도우미 같은 거 빨리 생겼으면 좋겠다 / 21 세기에 자살이 옮냐 그르냐로 싸우는 건 / 존나웃기는거고도와나줘라씨들아 / 자살을 / 사살을 / 거꾼로 읽으면 / 기고르이며 / 자살 1위 마포대교 난간 10) 더 높인다 / 그러나 자살 27014{46> 조성으로 / 자살 1 위자리뱃기지 않겠다는 의지 비춰 / 자살자는 확실하게 죽어서 좋고 / 공무원은 시체 수거 편리해서 좋아 / 외국인들도 자주 찾는 자살 명소로 거듭나 / 외화벌이에 효자 노릇 7 / 살기 힘든 헬조선, 죽고싶은헬조신 / 유가를 기로로"
0404,,고양이 평생 공무원 준비,야 고양이가 어떻게 평생을 집안에서 / 만 살 수 있는지 알아? / 집에 돈이 많아서? / 고므워주버 / 공무원 준비하는 거라고 씨 발롬 아
0405,,행복 살인 충동 건강,몸이 아프지 않은 것이 건강이고마 / 음 이 아프지 않은 것 행복이래 / 난 몰랐네 / 그저 살인 충동만 들지 않으면 행복이 / 꼴 살인 충동만 들지 않으면 르이 / 어으을
0406,,구조 지배 형성 사회 계급 과거 신체 개혁 순응 노예 인식 합리 반항 조리 생산 일조 의식 구성 관계 설계,다이어트 ](160 / 과거 인간이 신체 구조를 개혁하는대  / 신구조에 순응하고 자신을 맞추던 / 노예적 상태를 말하는 것으로 / 그렇게 형성된 인식 틀은 사회를 해 / 석하는 데에도 적용이 되어 불합리한 / 사회 구조에 반항하지 못하고 부조리 / 르개새사 ※4 느데이즈궤마드어다 / 를 재생산하는 데 일조하게 만들었다 / 피지배 계급의 의식 구조 재구성을 통 / 해 견고한 지배 관계를 형성하려는 목 / 적에서 고안된 지배 계급의 설계의 한 / 5146 를 통해 축적된 상대적 박탈감의 / 폭발이 촉발한 혁명 직전까지 사용되
0407,,자살 의미 행위 부정 이미지 부여 일반 시민 작용 언어 마찬가지 대신 표현 사용 기존 대체 불만,자살 터이란 단어는 그 것이 의미 / 하는 행위에 오직 부정적인 이미지만 / 부여함으로써 일반 시민들을 지배이 / 데으르기소으르하모 1 | 키느자요으 / 데올로기 속으로 함몰시키는 작용을 / 우리가 가진 언어는 사실 위에서 우 / 리 손에 쥐여 준 공이나 마찬가지고 / 그 걸론 자연히 땅 파는 것 외에 다른 / 인을새가지모차게되죠 / 일을 생각하지 못하게 되죠 / 그래서 저는 자살 대신 돌아감이라는 / 표현을 사용할 것을 제안합니다 / 네 그러므로 기존의 돌아가셨다는 표 / 현은 쫓겨나셨다는 말로 대체되어야 / 겠죠. 불만 있나요? 씨발 새끼들아?
0408,,,므고하 / 군초을즈 / 그런 짓을 당해야할 이유가 없는 / 그러나 남들보다 특별히 더 / 지켜 주어야할 이유도 없는 / 그런 아무 이유 없는 사람들
0409,,아픔 치료 활동 의미 공유 위로 혼자 상처,저는 너무 불쌍하면 울면서 죽이고 싶어 / 남의 아픔을 헤아릴 필요가 없는 세상이 / 왔으면 좋겠어요 각자 자기 자리만 잘 / 지키고 22 1 / 지키고 / 아픔 같은 건 스스로 치료하고 힘든 시 / 절을 겪었다는 게 해외 봉사 활동처럼 존 / 나 아무 의미도 없는 자기소개 한 줄인 / 세상이 왔으면 / 서로의 아픔을 공유하면서 위로 받지 말 / 고우리 모두 혼자 자기 상처나 쓰다듬 / 다가 쓸쓸히 죽어 갔으면 좋겠어요
0410,,부모 다행 변명 손가락 구체 실체 대상 천지 잘못,가끔 부모님이 있어서 다행이란 생각 / 이 든다 / 탓하기 좋아서 / 은 품 / 그럼 내가 달리 무슨 변명을 할 수 있 / 었을까 내 손가락이 향할 만큼 구체 / 적인 실체를 가진 대상 말고는 말야 / 하긴 세상 천지 부모 잘못이 아닌 게 / 있겠냐마는
0411,,죽음 탈출 감각 발버둥,아무도 사실 벗어난 적이 없다고생 / 각 해 봐 / 죽음은 탈출이 아니라 무감각일 뿐이 / 더 이상의 발버둥을 멈추고 그 자리 / 에 그냥 눌러앉는 것이라는 걸 / 차라리 몽상이라도 할 수 있을
0412,,스스로 소식 개인 환상,스스로에게서 벗어나고 싶으신 분들 / 제가 좋은 소식을 가져왔습니다 / 개인이라는 건 환상이라 네요 / 개호 / 시으브 / 벗어날 나 자신이라는 건 처음부터 / 없었습니다 짜잔 시
0413,,지배 사회 끈기 중요 게임 유리 이득 주입 계급 사상 개인 수단 사용 신라 강화,"사회에서 끈기가 중요한 덕목으로 강 / 소되는 것은 / 이 버티기 게임에 유리한 사람들, 민 / 중들이 참고 견딜 때 이득을 보는 사 / 람들이 누구인가를 생각해 봤을 때 아 / 즈다여하일이라고한스이죠 / 주 당연한 일이라고 할 수 있죠 / 이렇게 주입된 지배 계급의 사상은 개 / 인을 다른 개인에 대한 지배 수단으로 / 사용되게합니다 / 급의샤상 0/6/. / 이차돈 순교의 결과가 신라의 왕권 / 강화였던 것처럼 말입니다"
0414,,작업 나이 채찍 문장 신비감 유지 만약 지인 도망,나도 이제 나이가 먹으니 꼬가 된 / 것인가 언젠가부터 나를 채찍질하는 / 문장을 스크랩 하고 멈춰 서 있느니 뭐 / 리드느개나다느새가으하다 / 라도 하는 게 낮다는 생각을 한다 / 꾸준함? 얼마 전까지만 해도 난 차라 / 리 아무것도 하지 않고 신비감이라도 / 갖고 있길 바랐는데 / 누군가 그랬지 굳지 않는 말랑한 뇌 / 를 유지하기 위해서는 좋은 작업보단 / 구린 작업을 봐야한다고 만약 지인 / 0122 + 며마저 0)| 떡어질그러구 / 이라면 오만 정이 다 떨어질 그런구 / 린 작업 / 활어를 살려 놓는 건 같이 실린 문어 / 한 마리고 우린 사실 뭔가를 꾸준히 / 하는 게 아니라 그냥 도망 다니는 것 / 인 것처럼 0 수소
0415,,,와 물이 반이나 남았네! / 호호
0416,,경쟁력 경쟁 안주 자비 실천 마음가짐 요인 자유주의 무한 체제 변명 건강 기본,경쟁력을 잃고 안주하게 되는 것이 / 두려워서 자기 자비를 실천하지 못한 / 다고하는 씨 / 하지만 그런 마음가짐이야말로 자신 / 이 경쟁력을 잃게하는 주요 요인이 / 라는 것은 씨만 빼고 다 아는 사실 / 이제 더 이상 신자유주의의 무한 경쟁 / 체제가 인간을 병들게한다는 변명은 / 통하지 않게 되었습니다 / 현재 건강한 마음은 경쟁에 뛰어들 / 기 전에 챙겨야하는 가장 기본적인 / 준비물이 되었기 때문입니다
0417,,환영 제거 분열 파편 자아 몽타주 구성 서사 관객 생활 일상 세계 가상 환상 폭로,분열된나 서로 이질적인 파편으로 / 쪼개진 나는 자아를 직접 몽타주로 / 구성한다 / 브레히트 서사 극이 줄거리를 중단해 / 관객 사이에서 환영을 제거하듯 / 확으삼이라느화여 / 문맥이 끊어진 생활은 삶이라는 환영 / 을 제거하고기 / 일상적인 세계가 가상이고 환상이라 / 는 점을 폭로한다
0418,,실패 두려움 극복,실패가 두려우신가요? / 제 눈으로 봤을 땐 이미 실패하셨어요 / 당신의 두려움은 극복되었습니다
0419,,노동자 계급 고급 자본가 박수 취향 지속 분열 유지,나는 사실 너희와 같은 노동자 계급 / 이 아니다... / 늘기 / 나는야 / 답쥐흥 / 나는야고급춰향을 가진 노동자 / 고급 / 자본가들이 원숭이 서커스 묘기 보 / 듯 웃으며 박수를 친다)! / 뿌듯함에 취한 노동자는 취향에 더욱 / 매진하여 노동자 계급 내의 지속적인 / 분열을 유지하였습니다
0420,,만족 비유 자유주의 정신 긍정 자비 실천 바깥,마태 복음 25 장 달란트의 비유에서 / 마지막 종은 셋 중 가장 적게 받았지 / 리와 신자유주의 정신 / 유즈의저 / 가진 것에 만족하고 있는 그대로의 / 자신을 긍정하며 자기 자비를 실천하 / 는 모습을 보입니다 / 난 겨우 이 갓 걸로 / 만족 못 하니까 / 이 걸로 장사해서 / 더 벌어야지 케케! / 그 죄로 있는 것마저 빼앗기고 집에 / 서 내쫓기게 되죠 더 / 쫓기게되소후 / 내쫓죠 / 그 악하고 / 게으른 / 이 무익한 종을 바깥 / 어두운 데로 내쫓으라 / 거기서 슬피 물며 이를
0421,,가정 가장 노력 사회 압박,소녀나서드으 / 나서 / 겉으로는 훌륭한 가장이 되려고 노력 / 하지만 가정 내에서는 개창이다. / 왜냐면 사회적 암 박 때문 / 가정은 압박 안 함 / 괜찮
0422,,사회 음악 성공 성과 위주 무한 경쟁 찬양 구조 적응 체제 순응 지배 계급 미디어 일반 대중 세뇌 프로젝트 방해,"힙합을 들어 보니까 왜 인기가 많은지 / 알겠더라 잠 안 자고 존나 일하는 나, / 아파서 약 먹지만 존나 성공할 나를 / 성과 위주 사회, 무한 경쟁 사회를 찬양 / 하고 그 구조에 잘 적응하는 나를 멋 / 있는 인간으로 그리는 이 체제 순응 / 저이으아… / 적인 음악. 초 중 / 지배 계급의 미디어를 통한 일반 대중 / 세뇌에 딱 알맞은 이런 음악이 인기 / 를 끌지 않을 수가 없는 것이다 / 쇼미더머니는 정부 주도 프로젝트고 / 내 책이 안 팔리는 것은 정부의 방해 / 공작 때문이다! 습"
0423,,수동 존재 결정 증거 기력,우리의 타고난 수동성은 사실 / 신의 존재에 대한 결정적인 증거가 / 아닐까 / 무기력 속에서 허우적대는 사람들이 / 야 말로 / 진정한 저 호 바의 증인이 아닐까 / 223
0424,,내면 세계 인류 개체 거대 흐름 일부 피상 갈등 개인 희생 유도,"다시 말하자면 내면이란"": / 개체들을 방호 복처럼 두르고 세계를 / 마주하는 인류라는 하나의 거대한 흐 / 름 그 흐름의 일부로서의 나를 말하 / 느거 (0 |7 / 진짜 나는 피상에 머물 뿐 세계와 내 / 면 인류 사이에서 갈리고 너덜너덜 / 해져 없어지는 것입니다 / 흔히 말하는 내면의 갈등이란 결국 / 전체를 위한 개인의 희생을 유도하 / 는 과정에 불과했던 것이죠"
0425,,혁명 위로 문학 사회 체제 안정 치하 세대 작가 감사,괜찮아 문학을 싸구려라고 욕할 게 아 / 니라그들이 현 사회 체제의 안정을 / 위해 쏟고 있는 노고를 치하하는 게 / 마꾸아 1 | 1 27 틈 / 맞지 않나요? / 만약 지금 이대로도 괜찮다고 말해 주 / 는 사람이 있었다면 동학 농민 혁명이 / 일어났을까요? / 와 정말 위로가 되네 / 요 혁명은 다음 세대 / 로 넘기겠습니다 / 마야 / 작가님 / 에느리 / 감사 합 (1 (4 / 위로가 됐어요 (를)
0426,,기능 지배 세력 현대 수명 근대 소외 존재 소비 분열 개인 공동체 감사 인사,현대화가 낮은 인간 소오 / 수명이 다 되어 가는 근대 발명품인 / 민족주의의 대체물. 인간 소외 / 존재하지 않는 결 팝을 만들어 내고 불 / 필요한 소비를 부추기며 불안감을 조 / 장하고 공허함을 불어넣음으로써 / 분열된 개인으로는 기능을 다 하지 못 / 하는 피지배 세력을 다시 공동체로 합 / 느기느을하 / 치는 기능을 합니다 / 외로우신가요? 당신은 방금 인간해 / 방을 가로막았습니다 / 감사 인사를 하는 지배 세력
0427,,천국 교정 대상 존재 인정 죄책감 자살 왕따,천국은 사람을 교정되어야할 대상이 / 아니라 자신이 존재하는 방식 그 자 / 체로 온전히 인정해 주는 곳이야 / 그럼 천국에선 죄책감 없이 남 뒷담 / 존나 까고 자살할 때까지 왕따시켜 / 쓰 117? 길 가다가 아무나 / 도 되는 거야? 막 길 가다가 아무나 / 끄욱꼭
0428,,자살 자연 형태 합리 선택 존재 형질 기억 고대 상처,자살이 자연스런 삶의 한 형태인 세상이 / 하고 싶은 게 없어 어 뭐 그렇지? 그런 / 왜 사는지 모르겠어. 경우에 가장 합리적 / 그럼 죽어야겠지? 인 선택이지 / 세상엔 열심히 살고 싶은 사람들만 남아 / 서 자살이란 건 옛날 현인류가 갈라져 나 / 오기 전에 존재했던 어떤 형질로만 기억 / 고대에서부터 대대로 전해지던 상처는 / 드디어아룰다 2
0429,,취향 저항 문화 자본 개인 지인 표출 자존감 고급 스스로,넌 취향이 왜 그렇게 구려? / 이것은 문화 자본의 격차가 낳는 사 / 회적 격차에 저항하고자하는 개인 / 에 저항하고 지인 / 적인 신념의 표출이야 / 또한 난 자존감이 높고 허영심이 없 / 기 때문에 고급 취향으로 스스로를 / 둘러싸지 않아도 당당하자 / 마구의취하조빨으 / 난 결하라!
0430,,의미 표현 실력 확률 패배,삶의 의미란 / 의미란 / 죽고 싶다라는 말의 완곡한 표현입니다 / 태어나지 않는 것도 실력이고 / 우린 2 억분의 1의 확률로 패배했습니다.
0431,,고통 자살 자유 인생 탈출 목숨 지옥,자살은 죄라는 말 맞는 거 같다 / 난 자유로워질 거야 / 기껏 인생 좋같이 만들어 났는데 그걸 / 입게 탈출하게해 줬을 리가 없지 / 신에게 이입해 봄) / 내가 신이라면 / 이제 이 끔찍한 고통을 끝내려고 스스로 / 목숨을 끊었는데 / 알고 보니 그 것이 사실 바로 바로 진정한 / 고통을 불러일으키는 방아쇠였다... / 지옥 불 / 이런 극적 장치를 해 났을 거 같다
0432,,윤회 사상 메타포 조롱 도달 반복 버터 표현 선조,윤회 사상은 짓 굿은 메타포라고 할 수 / 있다 인간을 소우주라 부르며 조롱하 / 오소우주 / 열반에 도달하지 못한 중생들이 끊임 / 없이 벗어나지 못하고 죽고 태어나고 / 를 무한히 반복한다 / 수많은 오늘을 버터 봤자 또 내일아 / 침에 눈을 뜰 뿐이니 그냥 뒤지라는 / 말을 재치 있게 표현했던 선조들의지 / 멋있다 / 짓 있다
0433,,구조 애착 주체 선택 건강 형성 관계 종속 평생 노예 고스 증거,자 그럼 선택해라 / 건강한 애착 구조를 형성하고 관계에 / 사거 / 종속되어 평생 노예로 살 것인지 / 겁쟁이 / 고스제 / 애착구조까고 주체적인 핸 명의 / 가되어 당당하게 삶을 마주할 / 그짜 / 망가진 애 / 착 구조는 / 주체성의 / 증거라 ...
0434,,관객 버스,사마챙 가면 버스 킹하는 걸 / 많이 볼 수 있었는데 / 발이 몰 수 있었는 / 그 중에서 제일 신기하고 재밌던 / 거는 / 멈춰성서무경하고 있는 / 머추 / 간 객들이 없다 6; 천 / 관객동 / 궁그 / 홍대의 명물 / 뭐든지 재밌게 보는 관객들
0435,,기생 중간 숙주 평등,신이 죽은 것은 그것이 인간이 기생 / 하던 중간 숙주였기 때문이다 / 오늘 인간은 모두 평등한 것처럼
0436,,도로 고양이 바퀴 길바닥 동화,가끔 도로에서 차에 치여 죽은 고양이가 / 그대로 끊임없이 바퀴들에 짓이겨져 / 서서히 길바닥과 동화되는 걸 보면 / 마치 그 애들 나름의 장례식 같다는 / 생각을 한다 / 새가으하 / 우우
0437,,준비 죽음 거짓말 프로 낙담 천재,죽을 준비란 도대체 뭘까요? / 너 죽을 준비 됐니? / 구 개 / 이 거짓말쟁이! / 이렇게 잘 죽으면서 / 이제 알겠죠? 죽을 준비 같은 건 / 필요 없다는 걸 / 비록 삶엔 서툴지라도 / 죽음엔 모두가 프로. / 조금 뒤쳐진다고 낙담 마 / 언젠간 너도 반드시 해낼 테니. / 우린 모두가 타고난 죽음 천재야
0438,,부모 피해자 출산 구조 증상 증거 사랑,만약 / 부모가 피해자라면? / 출산이 누구 말처럼 구조와 증상일 / 뿐이라면? 열노호 1. 3 / 뿐이라면? 소노이 / 그 증거로 커서도 여전히 아무에게도 / 사랑 받지 못하고 떠도는 거라면?
0439,,기력 부족 자식 부모 부양 사회 산물 조상 원시 그느,어떤 어류는 산란 후 기력이 부족하 / 면 자기가 낳은 알이나 새끼를 잡아 / 먹는답니다 0구 / 먹는답니다 세 / 자식이라면 / 부모를 부양 / 하는 것은 / 당연지사! / 6 속 썩임 / 그렇다면 효 풋 란 사실 사회적 산물 / 회적 / 이 아니라 / 우리 조상이 아직 물 속에 있을 때 부 / 터 가지고 있던 원시적 습성이 / 원 형사 아 166/06) 으로 여지껏 남아 / 있는 것 아닐까요? / 아직도 우리는 멀리서 보면 기력이 / 모자라 방금 낮은 알을 먹는 모습이 / 게조 / 그느
0440,,외로움 흔적 감정 존재 무리 개인 현대 원시 대표 인류 선조 고립 죽음 의미 부족 일원 쓸모 현대인 시대 단순,인간의 몸에 사랑니와 같은 흔적 기관 / 이 있듯이 마음에는 흔적 감정이 존재 / 하는데요. 대표적으로 외로움이 있 습 / 니다 / 인류의 선조들에게 고립은 곧 죽음을 / 의미했기 때문에 영양소가 부족할 / 때 허기를 느끼는 것처럼 무리에서 / 먼어지며인르우으껴스다 / 멀어지면 외로움을 느습니다 / 하지만 무리의 일원이 아닌 개인으로 / 서 존재할 수 있게 된 현대에 이르러 / 서 외로움이란 사랑니처럼 쓸모 없이 / 걱리저거리기마하느가저디어 / 걸리적거리기만하는 감정이 되었고 / 현대인이 외로움을 느낄 때는 그 것이 / 아직 원시 시대를 사는 뇌의 단순한 / 착각이라는 것을 인지하고 적당히 굽 / 주피으마이으쁘인 [다느리 / 어 줄 필요만 있을 뿐입니다 / 우리가 외로움에 이끌려 타인의 관심 / 을 구하는 행동에 부끄러움을 느끼는 / 것도 지금 우린 원시적 충동으로 삶 / 을구서차기에느므지보되사히 / 을 구성하기에는 너무나 진보된 사회 / 를 살아가고 있기 때문이고 / 개인이라는 너무나 중요한 현대적 가 / 지를 더럽히는 행위이기 때문입니다
0441,,내면 세계 관계 고통 정작 탈출 논제 결론,내가 맞서고 있는 세계가 내 가장 깊 / 은 내면과 아무 관계도 없다는 사실 / 을 깨달으면 모든 고통이 사라질 것 / 이다. / 하지만 정작 난 굽으면 죽는 등 세계 / 와 관계가 존나 있다 / 결국 선은 세계가 아니라 나와 나의 / 내면 사이에 그어지고 블 / 깊은 내면과 나는 아무 관계도 없다 / 내면이 고통 탈출하든 말든 나는 그 / 냥 죽을 때까지 고통과 하나다라는 / 겨르 /』1 1 1 1 논제 / 결론이 나옵니다 2
0442,,고민 보통 하루 일과 비굴 존재 위기 생태,"야 보통 사람은 자신이 왜 살아야 되 / 는지 고민하지 않고 당연하게 살아간 / 대어케그러 지난 하루 일과가 그 건 / 1, 노래 / 그럼 삶의 이유를 고민하는 사람은 / 살아야할 이유도 없는 데 굳이 그걸 / 꾸역꾸역 비굴하게 사는 건가 2 / 그래 맞아 / 치명적인 존재의 위기 속에서도 꽃 꽂 / 이 살아가는 우리야말로 이 생태계의 / 진정한 적자 (30쯤인 것이다."
0443,,감정 자동차 질식,감정은 자동차 매연 같은 불필요한 부산 / 물이래도 / 브필요함에르 / 사람은 그 불필요함에 질식해서 병들어 / 가는 거고 / 개나 / 우리를 있게한 거잖아 / 마셔서 없애 줄 여과기들이 필요하니까
0444,,자살 만약 일반 가정 의지 캐릭터 애초 역할 그간 긍정 작용 구조 운명 스스로 세뇌 사회 주입 명령,자살 기계 / 내가 만약 일반적인 가정에서 태어나 / 그냥저냥 살았다면 이렇게 죽을 생각은 / 안 했을까 그럼 사실 내 의지는 아닌 건 / 가 내 캐릭터의 결말은 애초에 자살이었 / 나 난 그냥 주어진 역할을 충실히 해내 / 고 있을 뿐일까 혹시 그간 긍정 메세지 / 의 범람은 다 그런 반작용을 노린 속뜻 / 난 사실 살고 싶은데 이 구조 속에서 / 죽을 수밖에 없는 운명이라 스스로 / 를 세뇌시켜 왔던 걸까 사회가 / 주입한 명령일까 집에서 나가 / 배출됩니다
0445,,정신 건강 관계 정신과 시장 치료 개발 부모 자식 사회 자본주의 승리,[좋은 관계를 돈 받고 팔 수 있는 상 / 품으로 만들면 제일 먼저 정신 건강 1 / 그 종 명. 같은 게 생기겠지 / 급증명서 같은 게 생기겠지 / 그럼 다들 이불을 박차고 정신과로 / 달려갈 거고 시장이 커지면서 더 양 / 질의 상담과 치료를 받을 수 있게 되 / 고시야드딘마개바디고 / 고신약도 더 많이 개발되고 / 부모들도 자식 키우는데 정신 건강을 / 최우선 순위로 놓을 테니까 인간들의 / 정신건강은 상향 평준화되고 사회가 / 또 한 번 자본주의는 승리한다
0446,,월급 부족 파악 자본가 계급 잉여 가치,"크게 쓴 곳도 없는 데 늘 부족한 월급, / 대체 무엇이 문제일까? / 월급이 문제가 아니라, 돈이 어디로 / 새는지 제대로 몬 르는 당신이 문제! / 새는 돈을 파악해야 월급 관리도 잘 / 할 수 있습니다 / 그렇담 줄줄 새는 내 돈 과연 어디서 / 새고 있을까요? / 바로바로 자본가 계급에 의해 전유된 / 잉여가치에서!"
0447,,소리 전국 지옥 존재 울타리 유지 보수 본능 자살,남들의 않는 소리가 인간을 숨 쉬게 / 전국도 내려다볼 지옥이 있어야만 / 존재하니까요 / 사실 울타리 유지 보수입니다 / 사식으리윤지보수입 / 실굴 6 너니 / 약하고 힘든 사람들을 도와주려는 / 본능도 자살을 죄악시하는 것도
0448,,현대 사회 죽음 선택 공부 자살 과학 치료 자유 의지 자아 허상,"현대 사회엔 스스로 죽음을 선택하는 / 사람이 너무나 많아. / 공부 열심히 해서 내가 꼭 자살은 질 / 병이라는 것을 과학적으로 밝혀내고 / 완벽히 치료해 냄으로써 / 태어나는 것은 물론이고 죽을 때마저 / 도 인간에게 자유 의지란 없다는 것, / 자아라는 것은 허상이라는 것을 깨닫"
0449,,죽음 여백,조그마한 것은 조 그 맞게 죽는다 / 그만 죽음 / 조으 / 노노 / 조그만 여백 / 조그만
0450,,이름 파괴 변명,이름을 붙이는 순간 파괴되는 부분이 있다 / 르으쁘느스는브브 / 이름을 붙이는 순간 파괴도 부분 0 있느 / 이름 때문에 자라나지 못하는 부분도 / 전 원래 이렇게 생기지 않았습니다 / 편의상 이런 모습을 띠고 있지만 / 저에겐 저만 가진 다른 많은 면들이 / 지금은 다 괴사했습니다 / 글임 없이 변명해야한다
0451,,사진 해석,오리를 잡아먹으려고하는 넓적 부리 황 / 새 사진 / 나가는 길에 있어서 부리로 어름 시 / 지난 가는 길에 있어서 부리로 집어 들어 / 브즈! 들어 / 치워 버리 늘 거라는 해석을 단 트윗을 보 / 데헬 / 나는 세상이 아름다운 이유를 일게 되었
0452,,,"""0/ 치통장잔교쳐림"
0453,,개인 구조 주먹 타인 눈치 집중 위로 존재 환상 방해 무력 종속 체제 개체 고유 환영 허공,"타인의 눈치를 보지 말고 있는 그대 / 로의나에 집중하라는 위로를 받는 / 구조를 벗어나 존재하는 개인이 있다 / 는 환상 속에 빠져 구조 자체를 조망 / 하는 것에 방해를 받게 되고 / 그 소 / 결국 무력한 개인으로서 구조에 종속 / 된채로님아 있게 된다 22 / 은 두 / 로준 / 체제는 개체의 고유성이라는 환영 뒤 / 에숨고개인은 허공에 주먹을 휘 두 / 르며, 그 주먹에 맞는 것은 우연히 그 / 잔리에서이더다르개이디느거 / 자리에 서 있던 다른 개인이 되 느자"
0454,,부모 부양 판단,태어나지 않은 죄 / 태어나서 돈 벌고 부모 부양을 하지 / 않은 죄 / 여러분 부모님은 지금 이 정도 먹고 / 살아도 괜찮겠다 생각하고 여러 분과 / 형제들을 낳으신 거예요 / 그분들의 판단이 틀렸다고 하실 작정 / 어십니까!
0455,,,열 명이 이만큼을 나뉘 먹는데 / 양이 두 배가 되면 열 명이 두 배를 / 먹을 수 있을까요? / 아뇨 다른 열 명이 더 와서 먹습니다 / 있던 자리마저 삐지 않기를
0456,,재능 가치 관심,니가 재능이 없다고 곧 무가치하다는 뜻 / 그냥 재능 있는 사람한테 더 관심이 갈 / 니가 가진 소소한 다른 많은 면들을 보 그 걸 다 볼 때까지 참고 기다려 줄 만큼 / 외로운 사람들에게
0457,,엄살 눈치,일 좀 한다고 계속 엄살 부린 거 같아 / 서 갑자기 부끄럽다 / 나보다 힘든 사람들이 얼마나 많을지 / 그들은 왜 엄살도 피우지 않는 걸까 / 눈치 보이게 씨발놈들이 죽고 싶냐? / 엄살 피워라 빵 치게하지 말고
0458,,사랑 박탈감 화목 자랑 건강 정신,"와어찜재는 딱 보면 정말 사랑 받고 / 자란 티가 나 / 지네 집 화목하다고 자랑하는 것도 / 아니고씨발로미 (발스 / 건강한 정신 / 같은 채끼가 / 어릴 때부터 사랑을 너무 많이 받아 누군 사랑 받기 싫어서 안 받고 자란 / 서 소중한 줄도 모르고 아무 데나 펑 즐 아나 알 부러우리 상대적 박탈감 / 출아나알부러우리 상대적 박탈감 / 펑 쓸 수 있는 거지 우린 우리 글 갓 느끼라고 그러는 거지 저 썸 새끼 / 느끼라고그려는거지저썸새끼 / 명을수있는거시우린우리플갓 / 죽이자, / 펑 쓸 수 있는 거지 우린 우리 쓸 것 / 를아나활부러우리상대섞박탈감"
0459,,싸움 자아 가치 매력 경쟁 시작 처절,야 사람은 모두 정말로 가치 있고 누가 / 뭐라 든 매력적이고 멋진 거야 / 그리고 그 곳이 바로 출발선 진짜 경쟁 / 은 거기서부터 시작되지 6 / 싸움이 ... / 섬한 자아 싸움 / 피튀기주 / 고가 / 피 튀기는 처절한 자아 싸움이 ...
0460,,감정 사림 자살 조금 연민 충동 의미 주저 부정,아무것에도 감흥을 느끼지 않는 / 사람이 되어서 / 눈앞에서 아끼는 사림 / 눈앞에서 아끼는 사람이 자살을 / 그저 조금의 연민으로 / 지켜보고만 싶다. / 죽고 싶다 면 죽어야지 / 그게 정신병에서 비롯된 충동이라고 / 해도 굳이 말려야할 필요가 있을까 / 모든 감정은 진짜라고 믿고 싶다 / 삶엔 별 의미가 없으니까 주저 말고 / 감정을 따르라고 / 그런 강렬한 감정을 발산하지도 / 못 하고 저지당하는 건 얼마나 슬플까 / 그 순간부터는 정말로 살 이유가 / 없는 것이다 / 감정을 부정해야하는 삶
0461,,사랑 아빠 패스 가슴,아빠는 너무 작은 것들까지 사랑하 / 진 말라고 하셨어 그 많은 것들이 언 / 젠간 모두 날 울게할 테니까. 하지만 / 나마으드꾸아느 <11 즈 <1 Ｌ 즈 1 Ｌ / 난 아빠 말을 듣지 않는 아주 아주나 / 뭘 사랑했는 / 소다소다 / 그게 너한텐 작아? 어떻게 사랑한다 / 면 서 너무 작은 것들이라고 말할 수 / 있지이런미찬짜이콘패스새끼… / 너같이 차가운 가슴을 가진 사람을 / 살려뒤선 안 돼
0462,,부정 제도,부정의 힘으로 제도에 금을 내고 / 그 틈으로 기어들어 갈 거야
0463,,고래 칭찬 칭잔,총 홈 / 칭잔은 고래도 춤추게합니다 / 칭찬은 고래도 춤추게 / 합니다 / 칭찬을 멈춰 주세 / 치차은머취 주세요
